--
-- PostgreSQL database dump
--

\restrict Tun6z6lfC6nlmqgh3dULN5LGDeypOkebhWhv5fljwaPtpnvpVDOIbshsZp5nUgD

-- Dumped from database version 17.9 (Debian 17.9-1.pgdg13+1)
-- Dumped by pg_dump version 17.9 (Debian 17.9-1.pgdg13+1)

SET statement_timeout = 0;
SET lock_timeout = 0;
SET idle_in_transaction_session_timeout = 0;
SET transaction_timeout = 0;
SET client_encoding = 'UTF8';
SET standard_conforming_strings = on;
SELECT pg_catalog.set_config('search_path', '', false);
SET check_function_bodies = false;
SET xmloption = content;
SET client_min_messages = warning;
SET row_security = off;

SET default_tablespace = '';

SET default_table_access_method = heap;

--
-- Name: auth_group; Type: TABLE; Schema: public; Owner: admin
--

CREATE TABLE public.auth_group (
    id integer NOT NULL,
    name character varying(150) NOT NULL
);


ALTER TABLE public.auth_group OWNER TO admin;

--
-- Name: auth_group_id_seq; Type: SEQUENCE; Schema: public; Owner: admin
--

ALTER TABLE public.auth_group ALTER COLUMN id ADD GENERATED BY DEFAULT AS IDENTITY (
    SEQUENCE NAME public.auth_group_id_seq
    START WITH 1
    INCREMENT BY 1
    NO MINVALUE
    NO MAXVALUE
    CACHE 1
);


--
-- Name: auth_group_permissions; Type: TABLE; Schema: public; Owner: admin
--

CREATE TABLE public.auth_group_permissions (
    id bigint NOT NULL,
    group_id integer NOT NULL,
    permission_id integer NOT NULL
);


ALTER TABLE public.auth_group_permissions OWNER TO admin;

--
-- Name: auth_group_permissions_id_seq; Type: SEQUENCE; Schema: public; Owner: admin
--

ALTER TABLE public.auth_group_permissions ALTER COLUMN id ADD GENERATED BY DEFAULT AS IDENTITY (
    SEQUENCE NAME public.auth_group_permissions_id_seq
    START WITH 1
    INCREMENT BY 1
    NO MINVALUE
    NO MAXVALUE
    CACHE 1
);


--
-- Name: auth_permission; Type: TABLE; Schema: public; Owner: admin
--

CREATE TABLE public.auth_permission (
    id integer NOT NULL,
    name character varying(255) NOT NULL,
    content_type_id integer NOT NULL,
    codename character varying(100) NOT NULL
);


ALTER TABLE public.auth_permission OWNER TO admin;

--
-- Name: auth_permission_id_seq; Type: SEQUENCE; Schema: public; Owner: admin
--

ALTER TABLE public.auth_permission ALTER COLUMN id ADD GENERATED BY DEFAULT AS IDENTITY (
    SEQUENCE NAME public.auth_permission_id_seq
    START WITH 1
    INCREMENT BY 1
    NO MINVALUE
    NO MAXVALUE
    CACHE 1
);


--
-- Name: auth_user; Type: TABLE; Schema: public; Owner: admin
--

CREATE TABLE public.auth_user (
    id integer NOT NULL,
    password character varying(128) NOT NULL,
    last_login timestamp with time zone,
    is_superuser boolean NOT NULL,
    username character varying(150) NOT NULL,
    first_name character varying(150) NOT NULL,
    last_name character varying(150) NOT NULL,
    email character varying(254) NOT NULL,
    is_staff boolean NOT NULL,
    is_active boolean NOT NULL,
    date_joined timestamp with time zone NOT NULL
);


ALTER TABLE public.auth_user OWNER TO admin;

--
-- Name: auth_user_groups; Type: TABLE; Schema: public; Owner: admin
--

CREATE TABLE public.auth_user_groups (
    id bigint NOT NULL,
    user_id integer NOT NULL,
    group_id integer NOT NULL
);


ALTER TABLE public.auth_user_groups OWNER TO admin;

--
-- Name: auth_user_groups_id_seq; Type: SEQUENCE; Schema: public; Owner: admin
--

ALTER TABLE public.auth_user_groups ALTER COLUMN id ADD GENERATED BY DEFAULT AS IDENTITY (
    SEQUENCE NAME public.auth_user_groups_id_seq
    START WITH 1
    INCREMENT BY 1
    NO MINVALUE
    NO MAXVALUE
    CACHE 1
);


--
-- Name: auth_user_id_seq; Type: SEQUENCE; Schema: public; Owner: admin
--

ALTER TABLE public.auth_user ALTER COLUMN id ADD GENERATED BY DEFAULT AS IDENTITY (
    SEQUENCE NAME public.auth_user_id_seq
    START WITH 1
    INCREMENT BY 1
    NO MINVALUE
    NO MAXVALUE
    CACHE 1
);


--
-- Name: auth_user_user_permissions; Type: TABLE; Schema: public; Owner: admin
--

CREATE TABLE public.auth_user_user_permissions (
    id bigint NOT NULL,
    user_id integer NOT NULL,
    permission_id integer NOT NULL
);


ALTER TABLE public.auth_user_user_permissions OWNER TO admin;

--
-- Name: auth_user_user_permissions_id_seq; Type: SEQUENCE; Schema: public; Owner: admin
--

ALTER TABLE public.auth_user_user_permissions ALTER COLUMN id ADD GENERATED BY DEFAULT AS IDENTITY (
    SEQUENCE NAME public.auth_user_user_permissions_id_seq
    START WITH 1
    INCREMENT BY 1
    NO MINVALUE
    NO MAXVALUE
    CACHE 1
);


--
-- Name: authentication_user; Type: TABLE; Schema: public; Owner: admin
--

CREATE TABLE public.authentication_user (
    id character varying(36) NOT NULL,
    email character varying(255) NOT NULL,
    password_hash character varying(255) NOT NULL,
    name character varying(255) NOT NULL,
    rol character varying(50) NOT NULL,
    state character varying(50) NOT NULL,
    birth_date date NOT NULL,
    attempts integer NOT NULL,
    blocked_until timestamp with time zone,
    last_login timestamp with time zone,
    created_at timestamp with time zone NOT NULL,
    updated_at timestamp with time zone NOT NULL
);


ALTER TABLE public.authentication_user OWNER TO admin;

--
-- Name: competencia_criteria; Type: TABLE; Schema: public; Owner: admin
--

CREATE TABLE public.competencia_criteria (
    id character varying(36) NOT NULL,
    name character varying(255) NOT NULL,
    description text NOT NULL,
    value double precision NOT NULL,
    created_at timestamp with time zone NOT NULL,
    updated_at timestamp with time zone NOT NULL,
    max_value_qualification double precision NOT NULL,
    min_value_qualification double precision NOT NULL,
    tournament_id character varying(36)
);


ALTER TABLE public.competencia_criteria OWNER TO admin;

--
-- Name: competencia_criterio_ia; Type: TABLE; Schema: public; Owner: admin
--

CREATE TABLE public.competencia_criterio_ia (
    id uuid NOT NULL,
    torneo_id character varying(36) NOT NULL,
    sesion_ia_id character varying(36) NOT NULL,
    nombre character varying(100) NOT NULL,
    descripcion text NOT NULL,
    tipo_dato character varying(10) NOT NULL,
    peso_porcentual numeric(5,2) NOT NULL,
    valor_minimo numeric(10,4),
    valor_maximo numeric(10,4),
    mayor_es_mejor boolean NOT NULL,
    orden integer NOT NULL,
    estado character varying(15) NOT NULL,
    created_at timestamp with time zone NOT NULL,
    updated_at timestamp with time zone NOT NULL
);


ALTER TABLE public.competencia_criterio_ia OWNER TO admin;

--
-- Name: competencia_docente_asesor; Type: TABLE; Schema: public; Owner: admin
--

CREATE TABLE public.competencia_docente_asesor (
    id character varying(36) NOT NULL,
    nombre_completo character varying(200) NOT NULL,
    email character varying(254) NOT NULL,
    telefono character varying(20) NOT NULL,
    institution_id character varying(36) NOT NULL
);


ALTER TABLE public.competencia_docente_asesor OWNER TO admin;

--
-- Name: competencia_final_ranking; Type: TABLE; Schema: public; Owner: admin
--

CREATE TABLE public.competencia_final_ranking (
    id bigint NOT NULL,
    posicion_final integer NOT NULL,
    puntaje_total_acumulado numeric(12,4) NOT NULL,
    medalla character varying(50),
    mencion_especial character varying(200),
    tournament_id character varying(36) NOT NULL,
    team_id character varying(36) NOT NULL
);


ALTER TABLE public.competencia_final_ranking OWNER TO admin;

--
-- Name: competencia_final_ranking_id_seq; Type: SEQUENCE; Schema: public; Owner: admin
--

ALTER TABLE public.competencia_final_ranking ALTER COLUMN id ADD GENERATED BY DEFAULT AS IDENTITY (
    SEQUENCE NAME public.competencia_final_ranking_id_seq
    START WITH 1
    INCREMENT BY 1
    NO MINVALUE
    NO MAXVALUE
    CACHE 1
);


--
-- Name: competencia_group; Type: TABLE; Schema: public; Owner: admin
--

CREATE TABLE public.competencia_group (
    id character varying(36) NOT NULL,
    name character varying(50) NOT NULL,
    tournament_id character varying(36) NOT NULL
);


ALTER TABLE public.competencia_group OWNER TO admin;

--
-- Name: competencia_institution; Type: TABLE; Schema: public; Owner: admin
--

CREATE TABLE public.competencia_institution (
    id character varying(36) NOT NULL,
    name character varying(300) NOT NULL,
    type character varying(50) NOT NULL,
    city character varying(100) NOT NULL,
    country character varying(100) NOT NULL
);


ALTER TABLE public.competencia_institution OWNER TO admin;

--
-- Name: competencia_match; Type: TABLE; Schema: public; Owner: admin
--

CREATE TABLE public.competencia_match (
    id character varying(36) NOT NULL,
    ronda integer NOT NULL,
    posicion_en_ronda integer NOT NULL,
    es_bye boolean NOT NULL,
    es_descanso boolean NOT NULL,
    fase character varying(50),
    estado character varying(50) NOT NULL,
    ganador_id character varying(36),
    fecha_programada timestamp with time zone,
    grupo_id character varying(36),
    partido_siguiente_id character varying(36),
    tournament_id character varying(36) NOT NULL,
    equipo_local_id character varying(36),
    equipo_visitante_id character varying(36)
);


ALTER TABLE public.competencia_match OWNER TO admin;

--
-- Name: competencia_match_result; Type: TABLE; Schema: public; Owner: admin
--

CREATE TABLE public.competencia_match_result (
    id character varying(36) NOT NULL,
    valor_registrado numeric(10,4) NOT NULL,
    valor_normalizado numeric(10,4) NOT NULL,
    estado_resultado character varying(50) NOT NULL,
    registrado_por character varying(36) NOT NULL,
    created_at timestamp with time zone NOT NULL,
    updated_at timestamp with time zone NOT NULL,
    criterio_id character varying(36) NOT NULL,
    match_id character varying(36) NOT NULL,
    equipo_id character varying(36) NOT NULL
);


ALTER TABLE public.competencia_match_result OWNER TO admin;

--
-- Name: competencia_nlp_analysis; Type: TABLE; Schema: public; Owner: admin
--

CREATE TABLE public.competencia_nlp_analysis (
    id uuid NOT NULL,
    input_texto text NOT NULL,
    numero_equipos integer,
    categoria character varying(20),
    nivel_tecnico character varying(20),
    tipo_torneo_sugerido character varying(20),
    intencion_usuario text NOT NULL,
    nivel_confianza jsonb NOT NULL,
    estado_analisis character varying(20) NOT NULL,
    campos_faltantes jsonb NOT NULL,
    created_at timestamp with time zone NOT NULL,
    fecha_fin_sugerida date,
    fecha_inicio_sugerida date,
    nombre_torneo character varying(255),
    descripcion_sugerida text
);


ALTER TABLE public.competencia_nlp_analysis OWNER TO admin;

--
-- Name: competencia_participant; Type: TABLE; Schema: public; Owner: admin
--

CREATE TABLE public.competencia_participant (
    id character varying(36) NOT NULL,
    nombres character varying(150) NOT NULL,
    apellidos character varying(150) NOT NULL,
    edad integer NOT NULL,
    grado_academico character varying(50) NOT NULL,
    rol_en_equipo character varying(100),
    documento_identidad character varying(50) NOT NULL,
    autorizacion_datos boolean NOT NULL,
    team_id character varying(36) NOT NULL
);


ALTER TABLE public.competencia_participant OWNER TO admin;

--
-- Name: competencia_standing; Type: TABLE; Schema: public; Owner: admin
--

CREATE TABLE public.competencia_standing (
    id bigint NOT NULL,
    partidos_jugados integer NOT NULL,
    victorias integer NOT NULL,
    empates integer NOT NULL,
    derrotas integer NOT NULL,
    puntos integer NOT NULL,
    puntaje_favor numeric(12,4) NOT NULL,
    puntaje_contra numeric(12,4) NOT NULL,
    diferencia_puntaje numeric(12,4) NOT NULL,
    posicion integer NOT NULL,
    group_id character varying(36),
    tournament_id character varying(36) NOT NULL,
    team_id character varying(36) NOT NULL
);


ALTER TABLE public.competencia_standing OWNER TO admin;

--
-- Name: competencia_standing_id_seq; Type: SEQUENCE; Schema: public; Owner: admin
--

ALTER TABLE public.competencia_standing ALTER COLUMN id ADD GENERATED BY DEFAULT AS IDENTITY (
    SEQUENCE NAME public.competencia_standing_id_seq
    START WITH 1
    INCREMENT BY 1
    NO MINVALUE
    NO MAXVALUE
    CACHE 1
);


--
-- Name: competencia_team; Type: TABLE; Schema: public; Owner: admin
--

CREATE TABLE public.competencia_team (
    id character varying(36) NOT NULL,
    name character varying(150) NOT NULL,
    category character varying(50) NOT NULL,
    nivel_tecnico_declarado character varying(50) NOT NULL,
    estado_inscripcion character varying(50) NOT NULL,
    fecha_inscripcion timestamp with time zone NOT NULL,
    representante_id character varying(36) NOT NULL,
    docente_asesor_id character varying(36) NOT NULL,
    institution_id character varying(36) NOT NULL,
    tournament_id character varying(36) NOT NULL
);


ALTER TABLE public.competencia_team OWNER TO admin;

--
-- Name: competencia_tournament; Type: TABLE; Schema: public; Owner: admin
--

CREATE TABLE public.competencia_tournament (
    id character varying(36) NOT NULL,
    name character varying(255) NOT NULL,
    description text NOT NULL,
    date_start timestamp with time zone NOT NULL,
    date_end timestamp with time zone NOT NULL,
    state character varying(30) NOT NULL,
    category character varying(30) NOT NULL,
    creator_user_id character varying(36) NOT NULL,
    tournament_rule_id character varying(36) NOT NULL,
    config_tournament jsonb NOT NULL
);


ALTER TABLE public.competencia_tournament OWNER TO admin;

--
-- Name: competencia_tournament_member; Type: TABLE; Schema: public; Owner: admin
--

CREATE TABLE public.competencia_tournament_member (
    id character varying(36) NOT NULL,
    user_id character varying(36) NOT NULL,
    tournament_id character varying(36) NOT NULL,
    rol character varying(20) NOT NULL,
    created_at timestamp with time zone NOT NULL,
    updated_at timestamp with time zone NOT NULL
);


ALTER TABLE public.competencia_tournament_member OWNER TO admin;

--
-- Name: competencia_tournament_rule; Type: TABLE; Schema: public; Owner: admin
--

CREATE TABLE public.competencia_tournament_rule (
    id character varying(36) NOT NULL,
    min_members integer NOT NULL,
    max_members integer NOT NULL,
    min_teams integer NOT NULL,
    max_teams integer NOT NULL,
    access_type character varying(20) NOT NULL,
    validation_list jsonb NOT NULL,
    created_at timestamp with time zone NOT NULL,
    updated_at timestamp with time zone NOT NULL,
    date_end_inscription timestamp with time zone,
    date_start_inscription timestamp with time zone
);


ALTER TABLE public.competencia_tournament_rule OWNER TO admin;

--
-- Name: competencia_tournament_tournament_members; Type: TABLE; Schema: public; Owner: admin
--

CREATE TABLE public.competencia_tournament_tournament_members (
    id bigint NOT NULL,
    tournamentmodel_id character varying(36) NOT NULL,
    tournamentmembermodel_id character varying(36) NOT NULL
);


ALTER TABLE public.competencia_tournament_tournament_members OWNER TO admin;

--
-- Name: competencia_tournament_tournament_members_id_seq; Type: SEQUENCE; Schema: public; Owner: admin
--

ALTER TABLE public.competencia_tournament_tournament_members ALTER COLUMN id ADD GENERATED BY DEFAULT AS IDENTITY (
    SEQUENCE NAME public.competencia_tournament_tournament_members_id_seq
    START WITH 1
    INCREMENT BY 1
    NO MINVALUE
    NO MAXVALUE
    CACHE 1
);


--
-- Name: django_admin_log; Type: TABLE; Schema: public; Owner: admin
--

CREATE TABLE public.django_admin_log (
    id integer NOT NULL,
    action_time timestamp with time zone NOT NULL,
    object_id text,
    object_repr character varying(200) NOT NULL,
    action_flag smallint NOT NULL,
    change_message text NOT NULL,
    content_type_id integer,
    user_id integer NOT NULL,
    CONSTRAINT django_admin_log_action_flag_check CHECK ((action_flag >= 0))
);


ALTER TABLE public.django_admin_log OWNER TO admin;

--
-- Name: django_admin_log_id_seq; Type: SEQUENCE; Schema: public; Owner: admin
--

ALTER TABLE public.django_admin_log ALTER COLUMN id ADD GENERATED BY DEFAULT AS IDENTITY (
    SEQUENCE NAME public.django_admin_log_id_seq
    START WITH 1
    INCREMENT BY 1
    NO MINVALUE
    NO MAXVALUE
    CACHE 1
);


--
-- Name: django_content_type; Type: TABLE; Schema: public; Owner: admin
--

CREATE TABLE public.django_content_type (
    id integer NOT NULL,
    app_label character varying(100) NOT NULL,
    model character varying(100) NOT NULL
);


ALTER TABLE public.django_content_type OWNER TO admin;

--
-- Name: django_content_type_id_seq; Type: SEQUENCE; Schema: public; Owner: admin
--

ALTER TABLE public.django_content_type ALTER COLUMN id ADD GENERATED BY DEFAULT AS IDENTITY (
    SEQUENCE NAME public.django_content_type_id_seq
    START WITH 1
    INCREMENT BY 1
    NO MINVALUE
    NO MAXVALUE
    CACHE 1
);


--
-- Name: django_migrations; Type: TABLE; Schema: public; Owner: admin
--

CREATE TABLE public.django_migrations (
    id bigint NOT NULL,
    app character varying(255) NOT NULL,
    name character varying(255) NOT NULL,
    applied timestamp with time zone NOT NULL
);


ALTER TABLE public.django_migrations OWNER TO admin;

--
-- Name: django_migrations_id_seq; Type: SEQUENCE; Schema: public; Owner: admin
--

ALTER TABLE public.django_migrations ALTER COLUMN id ADD GENERATED BY DEFAULT AS IDENTITY (
    SEQUENCE NAME public.django_migrations_id_seq
    START WITH 1
    INCREMENT BY 1
    NO MINVALUE
    NO MAXVALUE
    CACHE 1
);


--
-- Name: django_session; Type: TABLE; Schema: public; Owner: admin
--

CREATE TABLE public.django_session (
    session_key character varying(40) NOT NULL,
    session_data text NOT NULL,
    expire_date timestamp with time zone NOT NULL
);


ALTER TABLE public.django_session OWNER TO admin;

--
-- Data for Name: auth_group; Type: TABLE DATA; Schema: public; Owner: admin
--

COPY public.auth_group (id, name) FROM stdin;
\.


--
-- Data for Name: auth_group_permissions; Type: TABLE DATA; Schema: public; Owner: admin
--

COPY public.auth_group_permissions (id, group_id, permission_id) FROM stdin;
\.


--
-- Data for Name: auth_permission; Type: TABLE DATA; Schema: public; Owner: admin
--

COPY public.auth_permission (id, name, content_type_id, codename) FROM stdin;
1	Can add log entry	1	add_logentry
2	Can change log entry	1	change_logentry
3	Can delete log entry	1	delete_logentry
4	Can view log entry	1	view_logentry
5	Can add permission	3	add_permission
6	Can change permission	3	change_permission
7	Can delete permission	3	delete_permission
8	Can view permission	3	view_permission
9	Can add group	2	add_group
10	Can change group	2	change_group
11	Can delete group	2	delete_group
12	Can view group	2	view_group
13	Can add user	4	add_user
14	Can change user	4	change_user
15	Can delete user	4	delete_user
16	Can view user	4	view_user
17	Can add content type	5	add_contenttype
18	Can change content type	5	change_contenttype
19	Can delete content type	5	delete_contenttype
20	Can view content type	5	view_contenttype
21	Can add session	6	add_session
22	Can change session	6	change_session
23	Can delete session	6	delete_session
24	Can view session	6	view_session
25	Can add tournament rule model	21	add_tournamentrulemodel
26	Can change tournament rule model	21	change_tournamentrulemodel
27	Can delete tournament rule model	21	delete_tournamentrulemodel
28	Can view tournament rule model	21	view_tournamentrulemodel
29	Can add tournament model	20	add_tournamentmodel
30	Can change tournament model	20	change_tournamentmodel
31	Can delete tournament model	20	delete_tournamentmodel
32	Can view tournament model	20	view_tournamentmodel
33	Can add tournament member model	19	add_tournamentmembermodel
34	Can change tournament member model	19	change_tournamentmembermodel
35	Can delete tournament member model	19	delete_tournamentmembermodel
36	Can view tournament member model	19	view_tournamentmembermodel
37	Can add criteria model	7	add_criteriamodel
38	Can change criteria model	7	change_criteriamodel
39	Can delete criteria model	7	delete_criteriamodel
40	Can view criteria model	7	view_criteriamodel
41	Can add institution model	12	add_institutionmodel
42	Can change institution model	12	change_institutionmodel
43	Can delete institution model	12	delete_institutionmodel
44	Can view institution model	12	view_institutionmodel
45	Can add group model	11	add_groupmodel
46	Can change group model	11	change_groupmodel
47	Can delete group model	11	delete_groupmodel
48	Can view group model	11	view_groupmodel
49	Can add docente asesor model	9	add_docenteasesormodel
50	Can change docente asesor model	9	change_docenteasesormodel
51	Can delete docente asesor model	9	delete_docenteasesormodel
52	Can view docente asesor model	9	view_docenteasesormodel
53	Can add match model	13	add_matchmodel
54	Can change match model	13	change_matchmodel
55	Can delete match model	13	delete_matchmodel
56	Can view match model	13	view_matchmodel
57	Can add team model	18	add_teammodel
58	Can change team model	18	change_teammodel
59	Can delete team model	18	delete_teammodel
60	Can view team model	18	view_teammodel
61	Can add standing model	17	add_standingmodel
62	Can change standing model	17	change_standingmodel
63	Can delete standing model	17	delete_standingmodel
64	Can view standing model	17	view_standingmodel
65	Can add participant model	16	add_participantmodel
66	Can change participant model	16	change_participantmodel
67	Can delete participant model	16	delete_participantmodel
68	Can view participant model	16	view_participantmodel
69	Can add match result model	14	add_matchresultmodel
70	Can change match result model	14	change_matchresultmodel
71	Can delete match result model	14	delete_matchresultmodel
72	Can view match result model	14	view_matchresultmodel
73	Can add final ranking model	10	add_finalrankingmodel
74	Can change final ranking model	10	change_finalrankingmodel
75	Can delete final ranking model	10	delete_finalrankingmodel
76	Can view final ranking model	10	view_finalrankingmodel
77	Can add nlp analysis model	15	add_nlpanalysismodel
78	Can change nlp analysis model	15	change_nlpanalysismodel
79	Can delete nlp analysis model	15	delete_nlpanalysismodel
80	Can view nlp analysis model	15	view_nlpanalysismodel
81	Can add criterio ia model	8	add_criterioiamodel
82	Can change criterio ia model	8	change_criterioiamodel
83	Can delete criterio ia model	8	delete_criterioiamodel
84	Can view criterio ia model	8	view_criterioiamodel
85	Can add user model	22	add_usermodel
86	Can change user model	22	change_usermodel
87	Can delete user model	22	delete_usermodel
88	Can view user model	22	view_usermodel
\.


--
-- Data for Name: auth_user; Type: TABLE DATA; Schema: public; Owner: admin
--

COPY public.auth_user (id, password, last_login, is_superuser, username, first_name, last_name, email, is_staff, is_active, date_joined) FROM stdin;
\.


--
-- Data for Name: auth_user_groups; Type: TABLE DATA; Schema: public; Owner: admin
--

COPY public.auth_user_groups (id, user_id, group_id) FROM stdin;
\.


--
-- Data for Name: auth_user_user_permissions; Type: TABLE DATA; Schema: public; Owner: admin
--

COPY public.auth_user_user_permissions (id, user_id, permission_id) FROM stdin;
\.


--
-- Data for Name: authentication_user; Type: TABLE DATA; Schema: public; Owner: admin
--

COPY public.authentication_user (id, email, password_hash, name, rol, state, birth_date, attempts, blocked_until, last_login, created_at, updated_at) FROM stdin;
e7a4dea2-0b9f-4236-bce2-bfbecd181133	admin@admin2.com	$2b$12$cDZlvqLKup7TlJtYH0/PQO20XmAdZKk6IU0qy4V6zgFD7KkqJu3HS	ADMIN2	manager	active	2010-10-10	0	\N	2026-05-07 09:30:33.225213+00	2026-04-30 05:28:09.368989+00	2026-04-30 05:28:09.368998+00
e8e4acb6-b791-42a1-877e-196bfad527a0	part2@part.com	$2b$12$fhHOoPUJkmsR0ysZiUH9e.HKMSk/d5WAmXRaKzv.WjaFhbW2ewhfG	Participante 2	participant	active	2025-10-07	0	\N	2026-05-07 10:13:28.865309+00	2026-05-07 09:52:39.385076+00	2026-05-07 09:52:39.385082+00
deaff7d4-66a8-4f84-bb84-422930fca64a	part@part.com	$2b$12$qstMjbE/dBBgP97FAMqj3OO4jm1qkEhLCdWRlJaS6bjm6Dtbr9EsS	Participante	participant	active	2026-05-01	0	\N	2026-05-07 10:31:30.939203+00	2026-04-30 11:51:25.797525+00	2026-04-30 11:51:25.797531+00
3f43c13c-aca7-4d30-9df7-04d026189a68	admin@admin.com	$2b$12$UBkph0bUNXDwNDnpYizYx.AT.SPFNV4RyQEC7faLORSpK3rmfyvOG	admin	admin	active	2026-04-29	0	\N	2026-05-07 12:16:38.521384+00	2026-04-30 04:47:58.426515+00	2026-04-30 04:47:58.426515+00
\.


--
-- Data for Name: competencia_criteria; Type: TABLE DATA; Schema: public; Owner: admin
--

COPY public.competencia_criteria (id, name, description, value, created_at, updated_at, max_value_qualification, min_value_qualification, tournament_id) FROM stdin;
f17a295c-37c2-4e64-9daf-b5bd33cb75cf	FUNCIONAMIENTO DEL ROBOT	El robot completó la tarea asignada sin intervención.	0.3636	2026-05-07 09:29:14.575336+00	2026-05-07 09:29:14.575337+00	10	0	08b75bb4-9031-4e26-9478-8d87a1e7ddbb
515a3aed-23f4-44fc-b2d1-0b7dafc022f5	TIEMPO DE EJECUCIÓN	Tiempo total en segundos para completar la tarea.	0.2727	2026-05-07 09:29:14.575341+00	2026-05-07 09:29:14.575341+00	10	0	08b75bb4-9031-4e26-9478-8d87a1e7ddbb
1102b3db-6e29-4dc7-897c-cf71bbe817bc	CREATIVIDAD DEL DISEÑO	Originalidad y creatividad observada en la solución.	0.1818	2026-05-07 09:29:14.575345+00	2026-05-07 09:29:14.575345+00	10	0	08b75bb4-9031-4e26-9478-8d87a1e7ddbb
ff6ea7ec-02e7-47fb-b4df-094392253c75	PRESENTACIÓN DEL EQUIPO	Claridad al presentar su robot y proceso de diseño.	0.0909	2026-05-07 09:29:14.575348+00	2026-05-07 09:29:14.575348+00	10	0	08b75bb4-9031-4e26-9478-8d87a1e7ddbb
661596ef-3205-4f8f-8fe7-fef797aa031b	SEGURIDAD Y NORMAS	El equipo siguió todas las normas de seguridad durante la competencia.	0.091	2026-05-07 09:29:14.575351+00	2026-05-07 09:29:14.575351+00	10	0	08b75bb4-9031-4e26-9478-8d87a1e7ddbb
d409ed0e-32a7-4926-844a-8fe360a2ed74	FUNCIONAMIENTO DEL ROBOT	El robot completó la tarea asignada sin intervención.	0.3636	2026-05-07 09:36:41.959606+00	2026-05-07 09:36:41.959606+00	10	0	3f051c4b-c272-4c0f-a452-d75cc3065685
fb1aa374-bc14-4926-9390-c2010650985e	TIEMPO DE EJECUCIÓN	Tiempo total en segundos para completar la tarea.	0.2727	2026-05-07 09:36:41.95961+00	2026-05-07 09:36:41.95961+00	10	0	3f051c4b-c272-4c0f-a452-d75cc3065685
202d0fed-d24b-4e38-90ea-3c46e7585498	CREATIVIDAD DEL DISEÑO	Originalidad y creatividad observada en la solución.	0.1818	2026-05-07 09:36:41.959614+00	2026-05-07 09:36:41.959614+00	10	0	3f051c4b-c272-4c0f-a452-d75cc3065685
0f157dc4-3380-49a4-bff2-3e9834721167	PRESENTACIÓN DEL EQUIPO	Claridad al presentar su robot y proceso de diseño.	0.0909	2026-05-07 09:36:41.959617+00	2026-05-07 09:36:41.959617+00	10	0	3f051c4b-c272-4c0f-a452-d75cc3065685
caf69456-94ab-417e-82f6-0999807995d6	SEGURIDAD Y NORMAS	El equipo siguió todas las normas de seguridad durante la competencia.	0.091	2026-05-07 09:36:41.95962+00	2026-05-07 09:36:41.95962+00	10	0	3f051c4b-c272-4c0f-a452-d75cc3065685
5aedd99c-695a-4bc1-a9c1-70149265df68	FUNCIONAMIENTO DEL ROBOT	El robot completó la tarea asignada sin intervención.	0.3636	2026-05-07 09:46:30.968311+00	2026-05-07 09:46:30.968311+00	10	0	bb427147-0c76-46d7-bc1d-61224dcf1ffe
ee3c8d61-ecc5-4b93-b5d1-125d144fac4c	TIEMPO DE EJECUCIÓN	Tiempo total en segundos para completar la tarea.	0.2727	2026-05-07 09:46:30.968316+00	2026-05-07 09:46:30.968316+00	10	0	bb427147-0c76-46d7-bc1d-61224dcf1ffe
1c4837e0-f703-446c-9936-cfd159fd6c02	CREATIVIDAD DEL DISEÑO	Originalidad y creatividad observada en la solución.	0.1818	2026-05-07 09:46:30.96832+00	2026-05-07 09:46:30.96832+00	10	0	bb427147-0c76-46d7-bc1d-61224dcf1ffe
ce3e7b65-0f19-40ab-95af-4b0864ec5d83	PRESENTACIÓN DEL EQUIPO	Claridad al presentar su robot y proceso de diseño.	0.0909	2026-05-07 09:46:30.968323+00	2026-05-07 09:46:30.968323+00	10	0	bb427147-0c76-46d7-bc1d-61224dcf1ffe
817d9802-3ac1-4be7-99a9-83ec3bb058ce	SEGURIDAD Y NORMAS	El equipo siguió todas las normas de seguridad durante la competencia.	0.091	2026-05-07 09:46:30.968327+00	2026-05-07 09:46:30.968328+00	10	0	bb427147-0c76-46d7-bc1d-61224dcf1ffe
\.


--
-- Data for Name: competencia_criterio_ia; Type: TABLE DATA; Schema: public; Owner: admin
--

COPY public.competencia_criterio_ia (id, torneo_id, sesion_ia_id, nombre, descripcion, tipo_dato, peso_porcentual, valor_minimo, valor_maximo, mayor_es_mejor, orden, estado, created_at, updated_at) FROM stdin;
c1fda457-2598-496a-96a6-953a6388a933	38751cac-0390-4fe8-8397-26b422e63bc8	bc03bc6f-7d53-43ae-8614-0ee30c1a1bf6	Funcionamiento del Robot	El robot completó la tarea asignada sin intervención.	BOOLEANO	36.36	\N	\N	t	1	SUGERIDO	2026-04-30 11:04:12.327259+00	2026-04-30 11:04:12.32729+00
b37cc930-ec71-498e-84fb-23958c1c2d68	38751cac-0390-4fe8-8397-26b422e63bc8	bc03bc6f-7d53-43ae-8614-0ee30c1a1bf6	Tiempo de Ejecución	Tiempo total en segundos para completar la tarea.	NUMERICO	27.27	0.0000	300.0000	f	2	SUGERIDO	2026-04-30 11:04:12.327276+00	2026-04-30 11:04:12.327292+00
36ff9a2a-6bf6-4028-a3db-1ff43d977677	38751cac-0390-4fe8-8397-26b422e63bc8	bc03bc6f-7d53-43ae-8614-0ee30c1a1bf6	Creatividad del Diseño	Originalidad y creatividad observada en la solución.	NUMERICO	18.18	0.0000	10.0000	t	3	SUGERIDO	2026-04-30 11:04:12.327282+00	2026-04-30 11:04:12.327294+00
01afedcd-9f09-479e-bbe3-bf310d043583	38751cac-0390-4fe8-8397-26b422e63bc8	bc03bc6f-7d53-43ae-8614-0ee30c1a1bf6	Presentación del Equipo	Claridad al presentar su robot y proceso de diseño.	NUMERICO	9.09	0.0000	10.0000	t	4	SUGERIDO	2026-04-30 11:04:12.327284+00	2026-04-30 11:04:12.327296+00
a2110d8a-cdbd-4bdf-acca-0cf7262cedb0	38751cac-0390-4fe8-8397-26b422e63bc8	bc03bc6f-7d53-43ae-8614-0ee30c1a1bf6	Seguridad y Normas	El equipo siguió todas las normas de seguridad durante la competencia.	BOOLEANO	9.10	\N	\N	t	5	SUGERIDO	2026-04-30 11:04:12.327287+00	2026-04-30 11:04:12.327298+00
8b3975d2-fd81-468e-99b7-fe8615a6207a	8714fec3-7fa3-442f-9aa1-ea504d9e0e6c	35502433-0622-4911-834b-3eff1d4c8be8	Funcionamiento del Robot	El robot completó la tarea asignada sin intervención.	BOOLEANO	36.36	\N	\N	t	1	SUGERIDO	2026-04-30 11:17:50.702375+00	2026-04-30 11:17:50.702401+00
2791b82c-beb1-44d2-9f05-87f067e44134	8714fec3-7fa3-442f-9aa1-ea504d9e0e6c	35502433-0622-4911-834b-3eff1d4c8be8	Tiempo de Ejecución	Tiempo total en segundos para completar la tarea.	NUMERICO	27.27	0.0000	300.0000	f	2	SUGERIDO	2026-04-30 11:17:50.702389+00	2026-04-30 11:17:50.702404+00
1b49fca4-dfe0-4d48-a06b-12f6bc79b659	8714fec3-7fa3-442f-9aa1-ea504d9e0e6c	35502433-0622-4911-834b-3eff1d4c8be8	Creatividad del Diseño	Originalidad y creatividad observada en la solución.	NUMERICO	18.18	0.0000	10.0000	t	3	SUGERIDO	2026-04-30 11:17:50.702393+00	2026-04-30 11:17:50.702407+00
7a7b198e-8b47-4468-88b3-57e4c6179150	8714fec3-7fa3-442f-9aa1-ea504d9e0e6c	35502433-0622-4911-834b-3eff1d4c8be8	Presentación del Equipo	Claridad al presentar su robot y proceso de diseño.	NUMERICO	9.09	0.0000	10.0000	t	4	SUGERIDO	2026-04-30 11:17:50.702396+00	2026-04-30 11:17:50.702409+00
4426b297-e670-480b-9af1-0f563b98ed6f	8714fec3-7fa3-442f-9aa1-ea504d9e0e6c	35502433-0622-4911-834b-3eff1d4c8be8	Seguridad y Normas	El equipo siguió todas las normas de seguridad durante la competencia.	BOOLEANO	9.10	\N	\N	t	5	SUGERIDO	2026-04-30 11:17:50.702398+00	2026-04-30 11:17:50.702411+00
2c5a4f5b-1bc5-4af5-bb12-3a64c4ade331	e534a080-b230-4614-a5fe-20dd104ac8d6	ac11cfb4-d769-40d9-9e59-2197d35a8e5a	Funcionamiento del Robot	El robot completó la tarea asignada sin intervención.	BOOLEANO	36.36	\N	\N	t	1	SUGERIDO	2026-04-30 11:52:55.397357+00	2026-04-30 11:52:55.397377+00
cc17aa79-2ab9-43b1-9229-0a85b2f4c834	e534a080-b230-4614-a5fe-20dd104ac8d6	ac11cfb4-d769-40d9-9e59-2197d35a8e5a	Tiempo de Ejecución	Tiempo total en segundos para completar la tarea.	NUMERICO	27.27	0.0000	300.0000	f	2	SUGERIDO	2026-04-30 11:52:55.397368+00	2026-04-30 11:52:55.397379+00
93203ef2-b33d-4fdc-9125-590c53a9725e	e534a080-b230-4614-a5fe-20dd104ac8d6	ac11cfb4-d769-40d9-9e59-2197d35a8e5a	Creatividad del Diseño	Originalidad y creatividad observada en la solución.	NUMERICO	18.18	0.0000	10.0000	t	3	SUGERIDO	2026-04-30 11:52:55.397371+00	2026-04-30 11:52:55.39738+00
2bf8e225-bdda-4af2-8c40-0cc6f1b0f47d	e534a080-b230-4614-a5fe-20dd104ac8d6	ac11cfb4-d769-40d9-9e59-2197d35a8e5a	Presentación del Equipo	Claridad al presentar su robot y proceso de diseño.	NUMERICO	9.09	0.0000	10.0000	t	4	SUGERIDO	2026-04-30 11:52:55.397373+00	2026-04-30 11:52:55.397382+00
c46f4435-f799-43d0-804b-131bc5d9d833	e534a080-b230-4614-a5fe-20dd104ac8d6	ac11cfb4-d769-40d9-9e59-2197d35a8e5a	Seguridad y Normas	El equipo siguió todas las normas de seguridad durante la competencia.	BOOLEANO	9.10	\N	\N	t	5	SUGERIDO	2026-04-30 11:52:55.397374+00	2026-04-30 11:52:55.397383+00
7408519b-a578-4bce-b514-7cc9135ecdcb	77223bbf-078e-4e73-9217-b7e1aba52cf9	272e2828-cacb-401d-bdf6-70b6ee4d245d	Funcionamiento del Robot	El robot completó la tarea asignada sin intervención.	BOOLEANO	36.36	\N	\N	t	1	SUGERIDO	2026-04-30 12:08:50.853072+00	2026-04-30 12:08:50.853099+00
ccfa762a-51cd-4a91-a31a-ec71df8f0fbd	77223bbf-078e-4e73-9217-b7e1aba52cf9	272e2828-cacb-401d-bdf6-70b6ee4d245d	Tiempo de Ejecución	Tiempo total en segundos para completar la tarea.	NUMERICO	27.27	0.0000	300.0000	f	2	SUGERIDO	2026-04-30 12:08:50.853086+00	2026-04-30 12:08:50.853102+00
2d3fa610-8c87-4e4b-a66a-186ee9bd4d16	77223bbf-078e-4e73-9217-b7e1aba52cf9	272e2828-cacb-401d-bdf6-70b6ee4d245d	Creatividad del Diseño	Originalidad y creatividad observada en la solución.	NUMERICO	18.18	0.0000	10.0000	t	3	SUGERIDO	2026-04-30 12:08:50.853091+00	2026-04-30 12:08:50.853104+00
7648731e-d419-43d3-b28c-e655113e1fbe	77223bbf-078e-4e73-9217-b7e1aba52cf9	272e2828-cacb-401d-bdf6-70b6ee4d245d	Presentación del Equipo	Claridad al presentar su robot y proceso de diseño.	NUMERICO	9.09	0.0000	10.0000	t	4	SUGERIDO	2026-04-30 12:08:50.853094+00	2026-04-30 12:08:50.853106+00
a362981c-df1f-46ec-a761-b82904e2f76c	77223bbf-078e-4e73-9217-b7e1aba52cf9	272e2828-cacb-401d-bdf6-70b6ee4d245d	Seguridad y Normas	El equipo siguió todas las normas de seguridad durante la competencia.	BOOLEANO	9.10	\N	\N	t	5	SUGERIDO	2026-04-30 12:08:50.853096+00	2026-04-30 12:08:50.853108+00
8c72935c-ac0c-4ca9-a0ed-09c75c84899d	64c5458c-1bbb-4a3d-881e-1baaf9910581	172d5e5d-8980-4490-894c-764e4f72661b	Precisión de Navegación	Porcentaje de objetivos alcanzados con precisión.	NUMERICO	22.73	0.0000	100.0000	t	1	SUGERIDO	2026-04-30 13:05:08.17872+00	2026-04-30 13:05:08.178751+00
2b5f76e2-20dd-47db-bb77-299e28c5b837	64c5458c-1bbb-4a3d-881e-1baaf9910581	172d5e5d-8980-4490-894c-764e4f72661b	Tiempo de Ejecución	Tiempo total en segundos para completar la tarea.	NUMERICO	18.18	0.0000	600.0000	f	2	SUGERIDO	2026-04-30 13:05:08.178734+00	2026-04-30 13:05:08.178753+00
b90a0029-5e61-4f4c-b88c-a04b592fb845	64c5458c-1bbb-4a3d-881e-1baaf9910581	172d5e5d-8980-4490-894c-764e4f72661b	Innovación Técnica	Nivel de innovación en la solución implementada.	NUMERICO	18.18	0.0000	10.0000	t	3	SUGERIDO	2026-04-30 13:05:08.178739+00	2026-04-30 13:05:08.178756+00
e69e2918-d865-4949-a369-48af424b8b76	64c5458c-1bbb-4a3d-881e-1baaf9910581	172d5e5d-8980-4490-894c-764e4f72661b	Trabajo en Equipo	Coordinación y colaboración demostrada por el equipo.	NUMERICO	13.64	0.0000	10.0000	t	4	SUGERIDO	2026-04-30 13:05:08.178741+00	2026-04-30 13:05:08.178758+00
dcfa8449-7c27-4323-8291-04af374de0b4	64c5458c-1bbb-4a3d-881e-1baaf9910581	172d5e5d-8980-4490-894c-764e4f72661b	Diseño de Solución	Calidad del diseño mecánico y lógico del robot.	NUMERICO	9.09	0.0000	10.0000	t	5	SUGERIDO	2026-04-30 13:05:08.178743+00	2026-04-30 13:05:08.17876+00
173420aa-fd76-4ef8-9c8b-61875e95e585	64c5458c-1bbb-4a3d-881e-1baaf9910581	172d5e5d-8980-4490-894c-764e4f72661b	Cumplimiento de Objetivos	El robot cumplió todos los objetivos planteados.	BOOLEANO	9.09	\N	\N	t	6	SUGERIDO	2026-04-30 13:05:08.178746+00	2026-04-30 13:05:08.178762+00
b839d65d-dbe2-4ea3-9e10-9718f79cd187	64c5458c-1bbb-4a3d-881e-1baaf9910581	172d5e5d-8980-4490-894c-764e4f72661b	Seguridad y Normas	El equipo siguió todas las normas de seguridad durante la competencia.	BOOLEANO	9.09	\N	\N	t	7	SUGERIDO	2026-04-30 13:05:08.178748+00	2026-04-30 13:05:08.178764+00
c27c82c2-f403-4a44-87c1-bc1d3097e387	64c5458c-1bbb-4a3d-881e-1baaf9910581	cbd712bf-6979-4b68-836d-b4b72f5aaaa9	Funcionamiento del Robot	El robot completó la tarea asignada sin intervención.	BOOLEANO	36.36	\N	\N	t	1	SUGERIDO	2026-04-30 13:05:17.469609+00	2026-04-30 13:05:17.469632+00
ab9b8409-9b7e-468f-a1d5-6a86d281c1ab	64c5458c-1bbb-4a3d-881e-1baaf9910581	cbd712bf-6979-4b68-836d-b4b72f5aaaa9	Tiempo de Ejecución	Tiempo total en segundos para completar la tarea.	NUMERICO	27.27	0.0000	300.0000	f	2	SUGERIDO	2026-04-30 13:05:17.469621+00	2026-04-30 13:05:17.469635+00
144bc4f5-794e-4aef-80c5-287f60a40c78	64c5458c-1bbb-4a3d-881e-1baaf9910581	cbd712bf-6979-4b68-836d-b4b72f5aaaa9	Creatividad del Diseño	Originalidad y creatividad observada en la solución.	NUMERICO	18.18	0.0000	10.0000	t	3	SUGERIDO	2026-04-30 13:05:17.469624+00	2026-04-30 13:05:17.469637+00
eedd3c70-2728-4195-a57b-eede86414f9f	64c5458c-1bbb-4a3d-881e-1baaf9910581	cbd712bf-6979-4b68-836d-b4b72f5aaaa9	Presentación del Equipo	Claridad al presentar su robot y proceso de diseño.	NUMERICO	9.09	0.0000	10.0000	t	4	SUGERIDO	2026-04-30 13:05:17.469626+00	2026-04-30 13:05:17.469639+00
9856ccb0-1d1e-47aa-82be-c2641ca563dd	64c5458c-1bbb-4a3d-881e-1baaf9910581	cbd712bf-6979-4b68-836d-b4b72f5aaaa9	Seguridad y Normas	El equipo siguió todas las normas de seguridad durante la competencia.	BOOLEANO	9.10	\N	\N	t	5	SUGERIDO	2026-04-30 13:05:17.469629+00	2026-04-30 13:05:17.469641+00
bc19eaf4-df40-4e13-a4c3-be0417e0a3b6	77a521c3-7902-4c2d-9d9b-345761d8a9e1	9277067a-0f31-42ef-a985-3963bffb92a7	Funcionamiento del Robot	El robot completó la tarea asignada sin intervención.	BOOLEANO	36.36	\N	\N	t	1	SUGERIDO	2026-04-30 13:05:49.409606+00	2026-04-30 13:05:49.40963+00
f2a18e84-5ac5-47fe-934c-d824d8c70509	77a521c3-7902-4c2d-9d9b-345761d8a9e1	9277067a-0f31-42ef-a985-3963bffb92a7	Tiempo de Ejecución	Tiempo total en segundos para completar la tarea.	NUMERICO	27.27	0.0000	300.0000	f	2	SUGERIDO	2026-04-30 13:05:49.409619+00	2026-04-30 13:05:49.409633+00
d7a0e9c9-661d-42ee-a847-7b4fa3c5bbc7	77a521c3-7902-4c2d-9d9b-345761d8a9e1	9277067a-0f31-42ef-a985-3963bffb92a7	Creatividad del Diseño	Originalidad y creatividad observada en la solución.	NUMERICO	18.18	0.0000	10.0000	t	3	SUGERIDO	2026-04-30 13:05:49.409622+00	2026-04-30 13:05:49.409635+00
0b2768c9-2f26-4223-871d-b3e7673416ea	77a521c3-7902-4c2d-9d9b-345761d8a9e1	9277067a-0f31-42ef-a985-3963bffb92a7	Presentación del Equipo	Claridad al presentar su robot y proceso de diseño.	NUMERICO	9.09	0.0000	10.0000	t	4	SUGERIDO	2026-04-30 13:05:49.409624+00	2026-04-30 13:05:49.409637+00
6974271a-68cb-41f9-b12e-c77e4d2f5ec0	77a521c3-7902-4c2d-9d9b-345761d8a9e1	9277067a-0f31-42ef-a985-3963bffb92a7	Seguridad y Normas	El equipo siguió todas las normas de seguridad durante la competencia.	BOOLEANO	9.10	\N	\N	t	5	SUGERIDO	2026-04-30 13:05:49.409627+00	2026-04-30 13:05:49.409639+00
296fccba-6824-4d52-8876-1b26fa7bfe7a	2bc4d8d1-c70f-4b95-a7e9-dd49ed58e816	11406b3d-38fa-4d79-bb88-7d05cb5639e9	Funcionamiento del Robot	El robot completó la tarea asignada sin intervención.	BOOLEANO	36.36	\N	\N	t	1	SUGERIDO	2026-04-30 13:14:21.092798+00	2026-04-30 13:14:21.09284+00
90fe5ec9-70ce-4d6f-b017-7985790a5607	2bc4d8d1-c70f-4b95-a7e9-dd49ed58e816	11406b3d-38fa-4d79-bb88-7d05cb5639e9	Tiempo de Ejecución	Tiempo total en segundos para completar la tarea.	NUMERICO	27.27	0.0000	300.0000	f	2	SUGERIDO	2026-04-30 13:14:21.092824+00	2026-04-30 13:14:21.092843+00
b82d1de8-dead-412d-89a2-29d7ef190f13	2bc4d8d1-c70f-4b95-a7e9-dd49ed58e816	11406b3d-38fa-4d79-bb88-7d05cb5639e9	Creatividad del Diseño	Originalidad y creatividad observada en la solución.	NUMERICO	18.18	0.0000	10.0000	t	3	SUGERIDO	2026-04-30 13:14:21.092828+00	2026-04-30 13:14:21.092846+00
301f5666-6f93-44a2-a47c-ffb56e6a12d0	2bc4d8d1-c70f-4b95-a7e9-dd49ed58e816	11406b3d-38fa-4d79-bb88-7d05cb5639e9	Presentación del Equipo	Claridad al presentar su robot y proceso de diseño.	NUMERICO	9.09	0.0000	10.0000	t	4	SUGERIDO	2026-04-30 13:14:21.092831+00	2026-04-30 13:14:21.092848+00
60d9296c-c343-494d-a35c-e8185ba2e092	2bc4d8d1-c70f-4b95-a7e9-dd49ed58e816	11406b3d-38fa-4d79-bb88-7d05cb5639e9	Seguridad y Normas	El equipo siguió todas las normas de seguridad durante la competencia.	BOOLEANO	9.10	\N	\N	t	5	SUGERIDO	2026-04-30 13:14:21.092833+00	2026-04-30 13:14:21.09285+00
b1ce7766-d743-4ca6-a6f5-eaf2b9c95a01	64c5458c-1bbb-4a3d-881e-1baaf9910581	a9735b6c-63ee-41e9-8315-c400a473b2f9	Funcionamiento del Robot	El robot completó la tarea asignada sin intervención.	BOOLEANO	36.36	\N	\N	t	1	SUGERIDO	2026-04-30 14:03:07.553224+00	2026-04-30 14:03:07.553252+00
e74f98eb-12c1-4325-8a56-0151434b2d98	64c5458c-1bbb-4a3d-881e-1baaf9910581	a9735b6c-63ee-41e9-8315-c400a473b2f9	Tiempo de Ejecución	Tiempo total en segundos para completar la tarea.	NUMERICO	27.27	0.0000	300.0000	f	2	SUGERIDO	2026-04-30 14:03:07.553239+00	2026-04-30 14:03:07.553254+00
fd721619-aa93-4328-b99a-fc0dee6bfc65	64c5458c-1bbb-4a3d-881e-1baaf9910581	a9735b6c-63ee-41e9-8315-c400a473b2f9	Creatividad del Diseño	Originalidad y creatividad observada en la solución.	NUMERICO	18.18	0.0000	10.0000	t	3	SUGERIDO	2026-04-30 14:03:07.553244+00	2026-04-30 14:03:07.553256+00
c50893e4-40d2-4eec-8f0d-eb556882f069	64c5458c-1bbb-4a3d-881e-1baaf9910581	a9735b6c-63ee-41e9-8315-c400a473b2f9	Presentación del Equipo	Claridad al presentar su robot y proceso de diseño.	NUMERICO	9.09	0.0000	10.0000	t	4	SUGERIDO	2026-04-30 14:03:07.553246+00	2026-04-30 14:03:07.553258+00
20b97f4d-d388-40ff-8ed8-c760c39c498f	64c5458c-1bbb-4a3d-881e-1baaf9910581	a9735b6c-63ee-41e9-8315-c400a473b2f9	Seguridad y Normas	El equipo siguió todas las normas de seguridad durante la competencia.	BOOLEANO	9.10	\N	\N	t	5	SUGERIDO	2026-04-30 14:03:07.553249+00	2026-04-30 14:03:07.55326+00
c4642695-b010-4d1f-b53b-cbbee9703dc8	a26c7d92-0428-42b0-920c-ebfdc8cb156b	6014ee81-4cea-4945-b564-d8deb55aaf16	Funcionamiento del Robot	El robot completó la tarea asignada sin intervención.	BOOLEANO	36.36	\N	\N	t	1	SUGERIDO	2026-04-30 17:15:35.991807+00	2026-04-30 17:15:35.991833+00
71f0d43d-c575-484b-9783-fce3c023cecd	a26c7d92-0428-42b0-920c-ebfdc8cb156b	6014ee81-4cea-4945-b564-d8deb55aaf16	Tiempo de Ejecución	Tiempo total en segundos para completar la tarea.	NUMERICO	27.27	0.0000	300.0000	f	2	SUGERIDO	2026-04-30 17:15:35.991821+00	2026-04-30 17:15:35.991835+00
c962a594-fe67-4c8c-af6c-9383c3d58685	a26c7d92-0428-42b0-920c-ebfdc8cb156b	6014ee81-4cea-4945-b564-d8deb55aaf16	Creatividad del Diseño	Originalidad y creatividad observada en la solución.	NUMERICO	18.18	0.0000	10.0000	t	3	SUGERIDO	2026-04-30 17:15:35.991825+00	2026-04-30 17:15:35.991837+00
b070bb4c-ecb2-4778-8bf8-f2dd5bff2a2d	a26c7d92-0428-42b0-920c-ebfdc8cb156b	6014ee81-4cea-4945-b564-d8deb55aaf16	Presentación del Equipo	Claridad al presentar su robot y proceso de diseño.	NUMERICO	9.09	0.0000	10.0000	t	4	SUGERIDO	2026-04-30 17:15:35.991828+00	2026-04-30 17:15:35.991839+00
fc5b00ec-60f6-45c3-93cc-a0517e75805f	a26c7d92-0428-42b0-920c-ebfdc8cb156b	6014ee81-4cea-4945-b564-d8deb55aaf16	Seguridad y Normas	El equipo siguió todas las normas de seguridad durante la competencia.	BOOLEANO	9.10	\N	\N	t	5	SUGERIDO	2026-04-30 17:15:35.99183+00	2026-04-30 17:15:35.991841+00
2fc0b1ef-06ec-40ae-a80f-04fdc1a49bf7	de3cd2a7-b4a3-4e7d-bcd3-c16ff1998aa0	fadbdc54-fcba-4d41-8237-6f070376cb09	Funcionamiento del Robot	El robot completó la tarea asignada sin intervención.	BOOLEANO	36.36	\N	\N	t	1	SUGERIDO	2026-04-30 17:26:20.531523+00	2026-04-30 17:26:20.531547+00
eb69a26c-ef47-41c1-91f9-c41d46d95f1e	de3cd2a7-b4a3-4e7d-bcd3-c16ff1998aa0	fadbdc54-fcba-4d41-8237-6f070376cb09	Tiempo de Ejecución	Tiempo total en segundos para completar la tarea.	NUMERICO	27.27	0.0000	300.0000	f	2	SUGERIDO	2026-04-30 17:26:20.531536+00	2026-04-30 17:26:20.53155+00
15a321ab-c727-4583-a1d6-3fd6a7150479	de3cd2a7-b4a3-4e7d-bcd3-c16ff1998aa0	fadbdc54-fcba-4d41-8237-6f070376cb09	Creatividad del Diseño	Originalidad y creatividad observada en la solución.	NUMERICO	18.18	0.0000	10.0000	t	3	SUGERIDO	2026-04-30 17:26:20.531539+00	2026-04-30 17:26:20.531552+00
8688e7dd-7871-4e8a-93b1-54a1d9256bef	de3cd2a7-b4a3-4e7d-bcd3-c16ff1998aa0	fadbdc54-fcba-4d41-8237-6f070376cb09	Presentación del Equipo	Claridad al presentar su robot y proceso de diseño.	NUMERICO	9.09	0.0000	10.0000	t	4	SUGERIDO	2026-04-30 17:26:20.531541+00	2026-04-30 17:26:20.531554+00
9df9ff7f-5e8b-47f3-9238-28c9623ebc21	de3cd2a7-b4a3-4e7d-bcd3-c16ff1998aa0	fadbdc54-fcba-4d41-8237-6f070376cb09	Seguridad y Normas	El equipo siguió todas las normas de seguridad durante la competencia.	BOOLEANO	9.10	\N	\N	t	5	SUGERIDO	2026-04-30 17:26:20.531543+00	2026-04-30 17:26:20.531556+00
42b59f18-3756-4557-8d5f-f1f97b9f1f65	15042b2b-2078-4220-b203-f2e6771bd08b	3e9fc92d-f4c4-4eb4-995b-3c0662a08293	Funcionamiento del Robot	El robot completó la tarea asignada sin intervención.	BOOLEANO	36.36	\N	\N	t	1	SUGERIDO	2026-04-30 17:29:20.781649+00	2026-04-30 17:29:20.781673+00
c3d4a716-a786-4b42-b848-10716097c578	15042b2b-2078-4220-b203-f2e6771bd08b	3e9fc92d-f4c4-4eb4-995b-3c0662a08293	Tiempo de Ejecución	Tiempo total en segundos para completar la tarea.	NUMERICO	27.27	0.0000	300.0000	f	2	SUGERIDO	2026-04-30 17:29:20.781662+00	2026-04-30 17:29:20.781676+00
670f0f3e-6e78-4a4a-bed8-4e800421ba33	15042b2b-2078-4220-b203-f2e6771bd08b	3e9fc92d-f4c4-4eb4-995b-3c0662a08293	Creatividad del Diseño	Originalidad y creatividad observada en la solución.	NUMERICO	18.18	0.0000	10.0000	t	3	SUGERIDO	2026-04-30 17:29:20.781665+00	2026-04-30 17:29:20.781678+00
ef8da409-b89b-425a-af54-ff44342c6fe1	15042b2b-2078-4220-b203-f2e6771bd08b	3e9fc92d-f4c4-4eb4-995b-3c0662a08293	Presentación del Equipo	Claridad al presentar su robot y proceso de diseño.	NUMERICO	9.09	0.0000	10.0000	t	4	SUGERIDO	2026-04-30 17:29:20.781667+00	2026-04-30 17:29:20.78168+00
1a347eae-6bd5-45ec-9f2d-081ae3f26ea1	15042b2b-2078-4220-b203-f2e6771bd08b	3e9fc92d-f4c4-4eb4-995b-3c0662a08293	Seguridad y Normas	El equipo siguió todas las normas de seguridad durante la competencia.	BOOLEANO	9.10	\N	\N	t	5	SUGERIDO	2026-04-30 17:29:20.78167+00	2026-04-30 17:29:20.781682+00
08f838cc-ff42-49ad-b38a-6b94c6ee1d24	65fb6641-62b5-4916-8a65-31763046360b	a168a90f-d96b-4618-85de-b094342835cd	Funcionamiento del Robot	El robot completó la tarea asignada sin intervención.	BOOLEANO	36.36	\N	\N	t	1	SUGERIDO	2026-04-30 17:31:19.704549+00	2026-04-30 17:31:19.704571+00
c5d3c340-f022-411a-b2f9-8ae0caaa721d	65fb6641-62b5-4916-8a65-31763046360b	a168a90f-d96b-4618-85de-b094342835cd	Tiempo de Ejecución	Tiempo total en segundos para completar la tarea.	NUMERICO	27.27	0.0000	300.0000	f	2	SUGERIDO	2026-04-30 17:31:19.704561+00	2026-04-30 17:31:19.704574+00
dcc07d05-a7ff-4ae2-9a6b-35aac5a37be6	65fb6641-62b5-4916-8a65-31763046360b	a168a90f-d96b-4618-85de-b094342835cd	Creatividad del Diseño	Originalidad y creatividad observada en la solución.	NUMERICO	18.18	0.0000	10.0000	t	3	SUGERIDO	2026-04-30 17:31:19.704564+00	2026-04-30 17:31:19.704576+00
de4ac2c7-7977-4fbe-aaa2-d23de8b604ab	65fb6641-62b5-4916-8a65-31763046360b	a168a90f-d96b-4618-85de-b094342835cd	Presentación del Equipo	Claridad al presentar su robot y proceso de diseño.	NUMERICO	9.09	0.0000	10.0000	t	4	SUGERIDO	2026-04-30 17:31:19.704566+00	2026-04-30 17:31:19.704578+00
d0bb6681-f694-4f6e-a5ac-81ea61c498ee	65fb6641-62b5-4916-8a65-31763046360b	a168a90f-d96b-4618-85de-b094342835cd	Seguridad y Normas	El equipo siguió todas las normas de seguridad durante la competencia.	BOOLEANO	9.10	\N	\N	t	5	SUGERIDO	2026-04-30 17:31:19.704568+00	2026-04-30 17:31:19.704579+00
806249a2-8eaf-4107-b834-bf13ba4bb87f	de3cd2a7-b4a3-4e7d-bcd3-c16ff1998aa0	f80a028b-dae5-4e4b-8a08-ccd81783f2e8	Funcionamiento del Robot	El robot completó la tarea asignada sin intervención.	BOOLEANO	36.36	\N	\N	t	1	SUGERIDO	2026-04-30 17:31:35.128052+00	2026-04-30 17:31:35.128071+00
c76bd6a9-a785-462d-9f04-d521e8d17492	de3cd2a7-b4a3-4e7d-bcd3-c16ff1998aa0	f80a028b-dae5-4e4b-8a08-ccd81783f2e8	Tiempo de Ejecución	Tiempo total en segundos para completar la tarea.	NUMERICO	27.27	0.0000	300.0000	f	2	SUGERIDO	2026-04-30 17:31:35.128063+00	2026-04-30 17:31:35.128072+00
efba9898-d31e-4ef1-82be-f0bd44b4fcac	de3cd2a7-b4a3-4e7d-bcd3-c16ff1998aa0	f80a028b-dae5-4e4b-8a08-ccd81783f2e8	Creatividad del Diseño	Originalidad y creatividad observada en la solución.	NUMERICO	18.18	0.0000	10.0000	t	3	SUGERIDO	2026-04-30 17:31:35.128064+00	2026-04-30 17:31:35.128073+00
32b02982-1e02-4dcb-8620-8cda531fae6c	de3cd2a7-b4a3-4e7d-bcd3-c16ff1998aa0	f80a028b-dae5-4e4b-8a08-ccd81783f2e8	Presentación del Equipo	Claridad al presentar su robot y proceso de diseño.	NUMERICO	9.09	0.0000	10.0000	t	4	SUGERIDO	2026-04-30 17:31:35.128066+00	2026-04-30 17:31:35.128075+00
bc8301ae-82d0-40ec-8cfa-3023dc96e384	de3cd2a7-b4a3-4e7d-bcd3-c16ff1998aa0	f80a028b-dae5-4e4b-8a08-ccd81783f2e8	Seguridad y Normas	El equipo siguió todas las normas de seguridad durante la competencia.	BOOLEANO	9.10	\N	\N	t	5	SUGERIDO	2026-04-30 17:31:35.128068+00	2026-04-30 17:31:35.128076+00
98d2433c-3846-438f-b577-8f4280318cd8	7b786c9c-44b6-475a-8f6c-7aa8e555a817	5f9893db-c532-4b3c-861a-7d92e24fa899	Funcionamiento del Robot	El robot completó la tarea asignada sin intervención.	BOOLEANO	40.00	\N	\N	t	1	SUGERIDO	2026-04-30 17:32:56.113458+00	2026-04-30 17:32:56.113479+00
09f7407c-66dd-472d-993d-dbb253904b9a	7b786c9c-44b6-475a-8f6c-7aa8e555a817	5f9893db-c532-4b3c-861a-7d92e24fa899	Tiempo de Ejecución	Tiempo total en segundos para completar la tarea.	NUMERICO	30.00	0.0000	300.0000	f	2	SUGERIDO	2026-04-30 17:32:56.113471+00	2026-04-30 17:32:56.113482+00
9187a249-1086-4a6a-b3f2-db919bfddae7	7b786c9c-44b6-475a-8f6c-7aa8e555a817	5f9893db-c532-4b3c-861a-7d92e24fa899	Creatividad del Diseño	Originalidad y creatividad observada en la solución.	NUMERICO	20.00	0.0000	10.0000	t	3	SUGERIDO	2026-04-30 17:32:56.113473+00	2026-04-30 17:32:56.113484+00
ef1d2e25-a7b7-407e-b274-e0ab9900275c	7b786c9c-44b6-475a-8f6c-7aa8e555a817	5f9893db-c532-4b3c-861a-7d92e24fa899	Presentación del Equipo	Claridad al presentar su robot y proceso de diseño.	NUMERICO	10.00	0.0000	10.0000	t	4	SUGERIDO	2026-04-30 17:32:56.113475+00	2026-04-30 17:32:56.113486+00
9d02919f-646c-42e2-a181-a913b34c85d4	5ed5299f-4b7e-4ee9-8e99-6e5ff2164cf6	c33567ec-db02-473e-8fde-8e2df4be4ec2	Funcionamiento del Robot	El robot completó la tarea asignada sin intervención.	BOOLEANO	36.36	\N	\N	t	1	SUGERIDO	2026-04-30 17:34:27.104092+00	2026-04-30 17:34:27.104113+00
64b66958-3b2d-433d-97cf-c532d5ce35ac	5ed5299f-4b7e-4ee9-8e99-6e5ff2164cf6	c33567ec-db02-473e-8fde-8e2df4be4ec2	Tiempo de Ejecución	Tiempo total en segundos para completar la tarea.	NUMERICO	27.27	0.0000	300.0000	f	2	SUGERIDO	2026-04-30 17:34:27.104104+00	2026-04-30 17:34:27.104116+00
7877ff45-b487-47bc-8632-ba17d0d2ff76	5ed5299f-4b7e-4ee9-8e99-6e5ff2164cf6	c33567ec-db02-473e-8fde-8e2df4be4ec2	Creatividad del Diseño	Originalidad y creatividad observada en la solución.	NUMERICO	18.18	0.0000	10.0000	t	3	SUGERIDO	2026-04-30 17:34:27.104106+00	2026-04-30 17:34:27.104117+00
2e147471-2e02-4f0f-8e43-ae55ba6a4ce3	5ed5299f-4b7e-4ee9-8e99-6e5ff2164cf6	c33567ec-db02-473e-8fde-8e2df4be4ec2	Presentación del Equipo	Claridad al presentar su robot y proceso de diseño.	NUMERICO	9.09	0.0000	10.0000	t	4	SUGERIDO	2026-04-30 17:34:27.104109+00	2026-04-30 17:34:27.104119+00
2048df6f-1692-4b08-b7e0-46ab91b96075	5ed5299f-4b7e-4ee9-8e99-6e5ff2164cf6	c33567ec-db02-473e-8fde-8e2df4be4ec2	Seguridad y Normas	El equipo siguió todas las normas de seguridad durante la competencia.	BOOLEANO	9.10	\N	\N	t	5	SUGERIDO	2026-04-30 17:34:27.10411+00	2026-04-30 17:34:27.104121+00
44cd0241-1904-4859-86a7-2f8a015555ae	ce6fa037-2eba-4c2b-951c-f8e8b67d9cad	0674360f-4ebb-4d3a-815f-c8c0cb995164	Funcionamiento del Robot	El robot completó la tarea asignada sin intervención.	BOOLEANO	36.36	\N	\N	t	1	SUGERIDO	2026-04-30 18:01:42.231536+00	2026-04-30 18:01:42.23156+00
985401ac-9416-4fc1-8fd7-dba36f66f721	ce6fa037-2eba-4c2b-951c-f8e8b67d9cad	0674360f-4ebb-4d3a-815f-c8c0cb995164	Tiempo de Ejecución	Tiempo total en segundos para completar la tarea.	NUMERICO	27.27	0.0000	300.0000	f	2	SUGERIDO	2026-04-30 18:01:42.231549+00	2026-04-30 18:01:42.231563+00
7493f61a-9111-4cc7-9ed0-14b38d7b3909	ce6fa037-2eba-4c2b-951c-f8e8b67d9cad	0674360f-4ebb-4d3a-815f-c8c0cb995164	Creatividad del Diseño	Originalidad y creatividad observada en la solución.	NUMERICO	18.18	0.0000	10.0000	t	3	SUGERIDO	2026-04-30 18:01:42.231552+00	2026-04-30 18:01:42.231565+00
5edb9f3e-5f4a-41b0-ae80-106ff4d5cff7	ce6fa037-2eba-4c2b-951c-f8e8b67d9cad	0674360f-4ebb-4d3a-815f-c8c0cb995164	Presentación del Equipo	Claridad al presentar su robot y proceso de diseño.	NUMERICO	9.09	0.0000	10.0000	t	4	SUGERIDO	2026-04-30 18:01:42.231554+00	2026-04-30 18:01:42.231567+00
46fa7895-26f3-433d-8c1c-1ee7e95bc888	ce6fa037-2eba-4c2b-951c-f8e8b67d9cad	0674360f-4ebb-4d3a-815f-c8c0cb995164	Seguridad y Normas	El equipo siguió todas las normas de seguridad durante la competencia.	BOOLEANO	9.10	\N	\N	t	5	SUGERIDO	2026-04-30 18:01:42.231557+00	2026-04-30 18:01:42.231569+00
78a64779-875c-47ae-ae95-6e95522792c6	5a942608-2a60-4cc4-a78e-ad0f92d04181	ed59a16c-20f7-454b-b690-0613994c6f51	Funcionamiento del Robot	El robot completó la tarea asignada sin intervención.	BOOLEANO	40.00	\N	\N	t	1	SUGERIDO	2026-04-30 18:15:42.572442+00	2026-04-30 18:15:42.572462+00
66fea969-cc79-490e-a748-a4abbd24a604	5a942608-2a60-4cc4-a78e-ad0f92d04181	ed59a16c-20f7-454b-b690-0613994c6f51	Tiempo de Ejecución	Tiempo total en segundos para completar la tarea.	NUMERICO	30.00	0.0000	300.0000	f	2	SUGERIDO	2026-04-30 18:15:42.572453+00	2026-04-30 18:15:42.572464+00
54053c18-59c3-43fc-9f0c-cec0c8b67600	5a942608-2a60-4cc4-a78e-ad0f92d04181	ed59a16c-20f7-454b-b690-0613994c6f51	Creatividad del Diseño	Originalidad y creatividad observada en la solución.	NUMERICO	20.00	0.0000	10.0000	t	3	SUGERIDO	2026-04-30 18:15:42.572456+00	2026-04-30 18:15:42.572466+00
19024f70-e06a-4108-ba05-ff720d9e6c48	5a942608-2a60-4cc4-a78e-ad0f92d04181	ed59a16c-20f7-454b-b690-0613994c6f51	Presentación del Equipo	Claridad al presentar su robot y proceso de diseño.	NUMERICO	10.00	0.0000	10.0000	t	4	SUGERIDO	2026-04-30 18:15:42.572458+00	2026-04-30 18:15:42.572468+00
7a581ef5-56aa-4013-83f1-b65db639d51f	5a942608-2a60-4cc4-a78e-ad0f92d04181	1ba9e4c7-01c7-417d-a4c3-1e046f62ec90	Tiempo de Ejecución	Tiempo total en segundos para completar la tarea.	NUMERICO	30.00	0.0000	300.0000	f	2	ACEPTADO	2026-04-30 18:16:11.001602+00	2026-04-30 18:16:11.001613+00
c7b57f7f-b928-4975-9f39-04e0a84f953e	5a942608-2a60-4cc4-a78e-ad0f92d04181	1ba9e4c7-01c7-417d-a4c3-1e046f62ec90	Creatividad del Diseño	Originalidad y creatividad observada en la solución.	NUMERICO	20.00	0.0000	10.0000	t	3	ACEPTADO	2026-04-30 18:16:11.001604+00	2026-04-30 18:16:11.001615+00
d4791771-19a9-45d3-95b8-0c58f8f71bff	5a942608-2a60-4cc4-a78e-ad0f92d04181	1ba9e4c7-01c7-417d-a4c3-1e046f62ec90	Funcionamiento del Robot	El robot completó la tarea asignada sin intervención.	BOOLEANO	40.00	\N	\N	t	1	ACEPTADO	2026-04-30 18:16:11.001589+00	2026-04-30 18:16:11.00161+00
255cdde2-dab3-41bc-b72f-b10430070485	5a942608-2a60-4cc4-a78e-ad0f92d04181	1ba9e4c7-01c7-417d-a4c3-1e046f62ec90	Presentación del Equipo	Claridad al presentar su robot y proceso de diseño.	NUMERICO	10.00	0.0000	10.0000	t	4	ACEPTADO	2026-04-30 18:16:11.001607+00	2026-04-30 18:16:11.001616+00
7f82d8d2-60e6-47fc-adc2-815cfdb9e024	22e97173-f00b-4353-9bab-9b05e48bcbac	426e57aa-1fa0-4cea-b26e-d967fce52115	Funcionamiento del Robot	El robot completó la tarea asignada sin intervención.	BOOLEANO	36.36	\N	\N	t	1	SUGERIDO	2026-05-02 00:34:46.450214+00	2026-05-02 00:34:46.45024+00
c619998d-59f6-4503-a01f-f7acb13f77fd	22e97173-f00b-4353-9bab-9b05e48bcbac	426e57aa-1fa0-4cea-b26e-d967fce52115	Tiempo de Ejecución	Tiempo total en segundos para completar la tarea.	NUMERICO	27.27	0.0000	300.0000	f	2	SUGERIDO	2026-05-02 00:34:46.450228+00	2026-05-02 00:34:46.450242+00
77f1b79b-ecd1-4195-8b10-9e140d648d02	22e97173-f00b-4353-9bab-9b05e48bcbac	426e57aa-1fa0-4cea-b26e-d967fce52115	Creatividad del Diseño	Originalidad y creatividad observada en la solución.	NUMERICO	18.18	0.0000	10.0000	t	3	SUGERIDO	2026-05-02 00:34:46.450231+00	2026-05-02 00:34:46.450244+00
790f641b-53cc-420a-a824-a59bcd8a0501	22e97173-f00b-4353-9bab-9b05e48bcbac	426e57aa-1fa0-4cea-b26e-d967fce52115	Presentación del Equipo	Claridad al presentar su robot y proceso de diseño.	NUMERICO	9.09	0.0000	10.0000	t	4	SUGERIDO	2026-05-02 00:34:46.450234+00	2026-05-02 00:34:46.450246+00
d7acb36e-ac44-48b3-b681-9d55665fdd52	22e97173-f00b-4353-9bab-9b05e48bcbac	426e57aa-1fa0-4cea-b26e-d967fce52115	Seguridad y Normas	El equipo siguió todas las normas de seguridad durante la competencia.	BOOLEANO	9.10	\N	\N	t	5	SUGERIDO	2026-05-02 00:34:46.450237+00	2026-05-02 00:34:46.450248+00
6da14c81-744d-482c-9229-ff1436ed4e19	08b75bb4-9031-4e26-9478-8d87a1e7ddbb	31d0701a-ef9b-43dc-aa0e-291c351e5c9d	Funcionamiento del Robot	El robot completó la tarea asignada sin intervención.	BOOLEANO	36.36	\N	\N	t	1	SUGERIDO	2026-05-07 09:29:06.290555+00	2026-05-07 09:29:06.290579+00
7a155c31-99a8-48bb-96f4-c93545865c0f	08b75bb4-9031-4e26-9478-8d87a1e7ddbb	31d0701a-ef9b-43dc-aa0e-291c351e5c9d	Tiempo de Ejecución	Tiempo total en segundos para completar la tarea.	NUMERICO	27.27	0.0000	300.0000	f	2	SUGERIDO	2026-05-07 09:29:06.29057+00	2026-05-07 09:29:06.29058+00
580eca99-447f-4115-a938-2ebde3581ae3	08b75bb4-9031-4e26-9478-8d87a1e7ddbb	31d0701a-ef9b-43dc-aa0e-291c351e5c9d	Creatividad del Diseño	Originalidad y creatividad observada en la solución.	NUMERICO	18.18	0.0000	10.0000	t	3	SUGERIDO	2026-05-07 09:29:06.290573+00	2026-05-07 09:29:06.290581+00
a28e73cb-4438-471c-9197-a2daf9e6415c	08b75bb4-9031-4e26-9478-8d87a1e7ddbb	31d0701a-ef9b-43dc-aa0e-291c351e5c9d	Presentación del Equipo	Claridad al presentar su robot y proceso de diseño.	NUMERICO	9.09	0.0000	10.0000	t	4	SUGERIDO	2026-05-07 09:29:06.290574+00	2026-05-07 09:29:06.290583+00
e3dbcc77-0653-46d7-bc83-2fff75ad4371	08b75bb4-9031-4e26-9478-8d87a1e7ddbb	31d0701a-ef9b-43dc-aa0e-291c351e5c9d	Seguridad y Normas	El equipo siguió todas las normas de seguridad durante la competencia.	BOOLEANO	9.10	\N	\N	t	5	SUGERIDO	2026-05-07 09:29:06.290576+00	2026-05-07 09:29:06.290584+00
819d1e4a-e387-4985-bfed-efcf0e70b5b2	3f051c4b-c272-4c0f-a452-d75cc3065685	a4182ac0-89f3-4575-9c26-95650e8b6833	Funcionamiento del Robot	El robot completó la tarea asignada sin intervención.	BOOLEANO	36.36	\N	\N	t	1	SUGERIDO	2026-05-07 09:36:31.341142+00	2026-05-07 09:36:31.341159+00
da88d472-a4a2-4bf3-b401-c296e1470df4	3f051c4b-c272-4c0f-a452-d75cc3065685	a4182ac0-89f3-4575-9c26-95650e8b6833	Tiempo de Ejecución	Tiempo total en segundos para completar la tarea.	NUMERICO	27.27	0.0000	300.0000	f	2	SUGERIDO	2026-05-07 09:36:31.341153+00	2026-05-07 09:36:31.34116+00
f171f82b-6fc7-4ff2-99ba-01cc28fd71e8	3f051c4b-c272-4c0f-a452-d75cc3065685	a4182ac0-89f3-4575-9c26-95650e8b6833	Creatividad del Diseño	Originalidad y creatividad observada en la solución.	NUMERICO	18.18	0.0000	10.0000	t	3	SUGERIDO	2026-05-07 09:36:31.341154+00	2026-05-07 09:36:31.341161+00
6517b9f1-3466-4552-ad3e-6cc085b458f3	3f051c4b-c272-4c0f-a452-d75cc3065685	a4182ac0-89f3-4575-9c26-95650e8b6833	Presentación del Equipo	Claridad al presentar su robot y proceso de diseño.	NUMERICO	9.09	0.0000	10.0000	t	4	SUGERIDO	2026-05-07 09:36:31.341155+00	2026-05-07 09:36:31.341162+00
f02e193e-fe85-4b0a-b52d-b31fddfdd30f	3f051c4b-c272-4c0f-a452-d75cc3065685	a4182ac0-89f3-4575-9c26-95650e8b6833	Seguridad y Normas	El equipo siguió todas las normas de seguridad durante la competencia.	BOOLEANO	9.10	\N	\N	t	5	SUGERIDO	2026-05-07 09:36:31.341157+00	2026-05-07 09:36:31.341164+00
7ebfc978-c6fa-432d-9d0a-e007f6636c18	bb427147-0c76-46d7-bc1d-61224dcf1ffe	d551a7a7-7424-4301-bc9b-98e5d6be7427	Funcionamiento del Robot	El robot completó la tarea asignada sin intervención.	BOOLEANO	36.36	\N	\N	t	1	SUGERIDO	2026-05-07 09:46:19.441022+00	2026-05-07 09:46:19.441043+00
6f47eb9f-d7b5-4697-a105-55e1af578de0	bb427147-0c76-46d7-bc1d-61224dcf1ffe	d551a7a7-7424-4301-bc9b-98e5d6be7427	Tiempo de Ejecución	Tiempo total en segundos para completar la tarea.	NUMERICO	27.27	0.0000	300.0000	f	2	SUGERIDO	2026-05-07 09:46:19.441034+00	2026-05-07 09:46:19.441045+00
f712220c-9de5-46e6-bde1-0febca2c06c0	bb427147-0c76-46d7-bc1d-61224dcf1ffe	d551a7a7-7424-4301-bc9b-98e5d6be7427	Creatividad del Diseño	Originalidad y creatividad observada en la solución.	NUMERICO	18.18	0.0000	10.0000	t	3	SUGERIDO	2026-05-07 09:46:19.441037+00	2026-05-07 09:46:19.441046+00
aaac250d-8af6-448d-9161-2519d8ac7d6b	bb427147-0c76-46d7-bc1d-61224dcf1ffe	d551a7a7-7424-4301-bc9b-98e5d6be7427	Presentación del Equipo	Claridad al presentar su robot y proceso de diseño.	NUMERICO	9.09	0.0000	10.0000	t	4	SUGERIDO	2026-05-07 09:46:19.441039+00	2026-05-07 09:46:19.441048+00
96ac373d-acc4-4a8e-b70d-31fd0162a927	bb427147-0c76-46d7-bc1d-61224dcf1ffe	d551a7a7-7424-4301-bc9b-98e5d6be7427	Seguridad y Normas	El equipo siguió todas las normas de seguridad durante la competencia.	BOOLEANO	9.10	\N	\N	t	5	SUGERIDO	2026-05-07 09:46:19.44104+00	2026-05-07 09:46:19.441049+00
\.


--
-- Data for Name: competencia_docente_asesor; Type: TABLE DATA; Schema: public; Owner: admin
--

COPY public.competencia_docente_asesor (id, nombre_completo, email, telefono, institution_id) FROM stdin;
fdf4a6eb-4893-48af-8026-a996bbe670bc	Roberto Gomez Bolaños	rgomez@clare.edu.pe	942800403	7e71322a-fd34-447e-8a60-d2d26fdfa928
cac65eff-9b6c-4367-a785-5b6372ac1419	Clara Ramirez Estegui	cramirez@clare.edu.pe	987123432	00de4f64-a9a1-489d-a49f-09a621f18d66
\.


--
-- Data for Name: competencia_final_ranking; Type: TABLE DATA; Schema: public; Owner: admin
--

COPY public.competencia_final_ranking (id, posicion_final, puntaje_total_acumulado, medalla, mencion_especial, tournament_id, team_id) FROM stdin;
\.


--
-- Data for Name: competencia_group; Type: TABLE DATA; Schema: public; Owner: admin
--

COPY public.competencia_group (id, name, tournament_id) FROM stdin;
\.


--
-- Data for Name: competencia_institution; Type: TABLE DATA; Schema: public; Owner: admin
--

COPY public.competencia_institution (id, name, type, city, country) FROM stdin;
3ef5bba2-2609-40ea-99e9-2d102ba1b4e6	ASD	PUBLICA	ASD	PE
e347f76e-834f-4e28-ba5e-e655df504e3c	ASD	PUBLICA	ASD	PE
7025ffbc-3b5a-485f-b458-09d2c72a992c	ASD	PRIVADA	ASD	PE
fd2f3b5b-9544-4659-aa80-4dc24c059dc9	 	PRIVADA	ASD	PE
19cbbba6-c519-4883-87ca-c1ac6021052b	 	PRIVADA	ASD	PE
ee1bafed-f8d8-4766-8bee-0cc106fe0695	 	PRIVADA	ASD	PE
6841912b-903f-436e-8e76-5797b242c2a6	 	PRIVADA	ASD	PE
b24d5058-0df0-4122-a03f-4dfa98355ff7	A	PRIVADA	ASD	PE
fbb6b754-fb2c-479d-9e75-28e9f54dc85b	dsadsa	PUBLICA	asdsa	PE
4ff93fea-de23-41c2-8d65-75567951d575	dsadsa	PUBLICA	asdsa	PE
52066dce-4c85-4e6b-acff-1b9edddbac97	dsadsa	PUBLICA	asdsa	PE
64c783ed-d73f-453d-aa94-130b4e4fbcbb	dsadsa	PUBLICA	asdsa	PE
75fbb332-9a97-4fdf-86c9-04c5a2aa3914	dsadsa	PUBLICA	asdsa	PE
c31e4ee6-dc61-4d38-83c0-a8d5642ecf8a	dsadsa	PUBLICA	asdsa	PE
5f37522e-5eec-4248-a4d0-af2d624bfa00	dsadsa	PUBLICA	asdsa	PE
9bed6ebf-7810-492f-973d-7814ba883377	sda	PUBLICA	dsa	PEdsa
708e450f-227c-4a37-a1bb-77bab1b224ac	sda	PUBLICA	dsa	PEdsa
4604af5e-a0e4-40a5-b78e-90cb008128c2	sda	PUBLICA	dsa	PEdsa
af17cecf-2812-4362-8267-a07be615d511	sda	PUBLICA	dsa	PEdsa
d1ce2ae3-833f-4e5c-b89b-2134012bddab	Zarate	PUBLICA	Hyo	PE
175537dc-7fa9-458e-ba41-58325fdb1e90	Zarate	PUBLICA	Hyo	PE
431c7b97-824d-4bdb-8ca3-2ec3e8e29233	Colegio Ingeneiria	PUBLICA	Huancyao	PE
48f836fa-7b38-491f-9d15-f5fef052f924	Laura	PUBLICA	Hyo	PE
7e71322a-fd34-447e-8a60-d2d26fdfa928	Claretiano	PRIVADA	Huancayo	PE
05494255-3f71-425b-9732-96a8fadd4976	Claretiano	PRIVADA	Huancayo	PE
6c5f228a-4f03-41c4-a669-bf9dc905aebd	Claretiano	PUBLICA	Huancayo	PE
6fffba8d-c569-43b8-8428-99da1c5aa629	Claretiano	PRIVADA	Huancayo	PE
00de4f64-a9a1-489d-a49f-09a621f18d66	Claretiano	PUBLICA	Huancayo	PE
\.


--
-- Data for Name: competencia_match; Type: TABLE DATA; Schema: public; Owner: admin
--

COPY public.competencia_match (id, ronda, posicion_en_ronda, es_bye, es_descanso, fase, estado, ganador_id, fecha_programada, grupo_id, partido_siguiente_id, tournament_id, equipo_local_id, equipo_visitante_id) FROM stdin;
b33395dd-331a-48f6-8a49-41db4db18f17	1	1	f	f	KNOCKOUT	FINISHED	08d29346-8825-42be-8a16-ec5705f9d1ce	\N	\N	\N	bb427147-0c76-46d7-bc1d-61224dcf1ffe	08d29346-8825-42be-8a16-ec5705f9d1ce	a8026046-bf1b-4097-bc92-8e98843700ee
\.


--
-- Data for Name: competencia_match_result; Type: TABLE DATA; Schema: public; Owner: admin
--

COPY public.competencia_match_result (id, valor_registrado, valor_normalizado, estado_resultado, registrado_por, created_at, updated_at, criterio_id, match_id, equipo_id) FROM stdin;
1376416b-babb-44e3-aae9-4b3796d1d281	9.0000	3.2724	DEFINITIVE	3f43c13c-aca7-4d30-9df7-04d026189a68	2026-05-07 12:22:08.261051+00	2026-05-07 12:22:08.261063+00	5aedd99c-695a-4bc1-a9c1-70149265df68	b33395dd-331a-48f6-8a49-41db4db18f17	08d29346-8825-42be-8a16-ec5705f9d1ce
b5b6ec6b-4e76-451a-ac47-ebc30422d504	10.0000	2.7270	DEFINITIVE	3f43c13c-aca7-4d30-9df7-04d026189a68	2026-05-07 12:22:08.266492+00	2026-05-07 12:22:08.266499+00	ee3c8d61-ecc5-4b93-b5d1-125d144fac4c	b33395dd-331a-48f6-8a49-41db4db18f17	08d29346-8825-42be-8a16-ec5705f9d1ce
dab7a0a5-a50c-464b-a351-82c8d78e9799	5.0000	0.9090	DEFINITIVE	3f43c13c-aca7-4d30-9df7-04d026189a68	2026-05-07 12:22:08.269816+00	2026-05-07 12:22:08.269823+00	1c4837e0-f703-446c-9936-cfd159fd6c02	b33395dd-331a-48f6-8a49-41db4db18f17	08d29346-8825-42be-8a16-ec5705f9d1ce
da69a1c5-5c6f-4562-9816-75fa3e1797c4	6.0000	0.5454	DEFINITIVE	3f43c13c-aca7-4d30-9df7-04d026189a68	2026-05-07 12:22:08.272619+00	2026-05-07 12:22:08.272624+00	ce3e7b65-0f19-40ab-95af-4b0864ec5d83	b33395dd-331a-48f6-8a49-41db4db18f17	08d29346-8825-42be-8a16-ec5705f9d1ce
f76fb645-5af1-4c44-bf43-1be004e270b4	4.0000	0.3640	DEFINITIVE	3f43c13c-aca7-4d30-9df7-04d026189a68	2026-05-07 12:22:08.27583+00	2026-05-07 12:22:08.275836+00	817d9802-3ac1-4be7-99a9-83ec3bb058ce	b33395dd-331a-48f6-8a49-41db4db18f17	08d29346-8825-42be-8a16-ec5705f9d1ce
a80d4070-0fee-4e0e-95ad-535eb8d4a925	7.0000	2.5452	DEFINITIVE	3f43c13c-aca7-4d30-9df7-04d026189a68	2026-05-07 12:22:08.279053+00	2026-05-07 12:22:08.27906+00	5aedd99c-695a-4bc1-a9c1-70149265df68	b33395dd-331a-48f6-8a49-41db4db18f17	a8026046-bf1b-4097-bc92-8e98843700ee
943013b5-c2df-4ee0-b3b3-a980e426fc04	8.0000	2.1816	DEFINITIVE	3f43c13c-aca7-4d30-9df7-04d026189a68	2026-05-07 12:22:08.282494+00	2026-05-07 12:22:08.282499+00	ee3c8d61-ecc5-4b93-b5d1-125d144fac4c	b33395dd-331a-48f6-8a49-41db4db18f17	a8026046-bf1b-4097-bc92-8e98843700ee
5fd6f562-f492-4f14-9e0f-5645c12fda07	5.0000	0.9090	DEFINITIVE	3f43c13c-aca7-4d30-9df7-04d026189a68	2026-05-07 12:22:08.28536+00	2026-05-07 12:22:08.285365+00	1c4837e0-f703-446c-9936-cfd159fd6c02	b33395dd-331a-48f6-8a49-41db4db18f17	a8026046-bf1b-4097-bc92-8e98843700ee
9eab9629-675c-45ff-bb91-44e0f5d4d820	4.0000	0.3636	DEFINITIVE	3f43c13c-aca7-4d30-9df7-04d026189a68	2026-05-07 12:22:08.288382+00	2026-05-07 12:22:08.288387+00	ce3e7b65-0f19-40ab-95af-4b0864ec5d83	b33395dd-331a-48f6-8a49-41db4db18f17	a8026046-bf1b-4097-bc92-8e98843700ee
0b76a0ad-2e92-4931-b8ea-93aa29bae918	4.0000	0.3640	DEFINITIVE	3f43c13c-aca7-4d30-9df7-04d026189a68	2026-05-07 12:22:08.291566+00	2026-05-07 12:22:08.291571+00	817d9802-3ac1-4be7-99a9-83ec3bb058ce	b33395dd-331a-48f6-8a49-41db4db18f17	a8026046-bf1b-4097-bc92-8e98843700ee
\.


--
-- Data for Name: competencia_nlp_analysis; Type: TABLE DATA; Schema: public; Owner: admin
--

COPY public.competencia_nlp_analysis (id, input_texto, numero_equipos, categoria, nivel_tecnico, tipo_torneo_sugerido, intencion_usuario, nivel_confianza, estado_analisis, campos_faltantes, created_at, fecha_fin_sugerida, fecha_inicio_sugerida, nombre_torneo, descripcion_sugerida) FROM stdin;
c4d4655d-e968-4498-9a23-33ba1c47e3be	Quiero un torneo pequeño de duración de 1 semana, dentro de 2 semanas, para primaria.	\N	PRIMARY	\N	\N	organizar torneo	{"categoria": 0.87, "nivel_tecnico": 0.0, "numero_equipos": 0.0, "tipo_torneo_sugerido": 0.0}	AMBIGUO	["numero_equipos", "nivel_tecnico", "tipo_torneo_sugerido"]	2026-04-30 10:35:15.09594+00	\N	\N	\N	\N
3e444b03-cab5-45e8-a2da-cad54eefe62c	Quiero un torneo con nombre HOLA y que se la empiece dentro de 20 días, y que termine en una semana. Sera para primaria, además, solo quiero 8 equipos como maximo	8	PRIMARY	\N	\N	organizar torneo	{"categoria": 0.87, "nivel_tecnico": 0.0, "numero_equipos": 0.95, "tipo_torneo_sugerido": 0.0}	AMBIGUO	["nivel_tecnico", "tipo_torneo_sugerido"]	2026-04-30 10:39:30.285552+00	\N	\N	\N	\N
d555248d-f684-4f07-9b32-a7d25354ac55	Quiero un torneo con nombre HOLA y que se la empiece dentro de 20 días, y que termine en una semana. Sera para primaria, además, solo quiero 8 equipos como maximo	8	PRIMARY	\N	\N	organizar torneo	{"categoria": 0.87, "nivel_tecnico": 0.0, "numero_equipos": 0.95, "tipo_torneo_sugerido": 0.0}	AMBIGUO	["nivel_tecnico", "tipo_torneo_sugerido"]	2026-04-30 10:40:03.158157+00	\N	\N	\N	\N
5f9ddad3-3068-4a9d-ad99-f0ad4668c347	Quiero un torneo con nombre HOLA y que se la empiece dentro de 20 días, y que termine en una semana. Sera para primaria, además, solo quiero 8 equipos como maximo	8	PRIMARY	\N	\N	organizar torneo	{"categoria": 0.87, "nivel_tecnico": 0.0, "numero_equipos": 0.95, "tipo_torneo_sugerido": 0.0}	AMBIGUO	["nivel_tecnico", "tipo_torneo_sugerido"]	2026-04-30 10:40:04.204103+00	\N	\N	\N	\N
2a791a92-0dea-4214-99f7-3fe954d27ab5	Quiero un torneo con nombre HOLA y que se la empiece dentro de 20 días, y que termine en una semana. Sera para la categoria primaria, además, solo quiero 8 equipos como maximo	8	PRIMARY	\N	\N	organizar torneo	{"categoria": 0.87, "nivel_tecnico": 0.0, "numero_equipos": 0.95, "tipo_torneo_sugerido": 0.0}	AMBIGUO	["nivel_tecnico", "tipo_torneo_sugerido"]	2026-04-30 10:40:14.904664+00	\N	\N	\N	\N
868da00b-81c0-43ea-bbe5-859d77f155c6	Quiero un torneo con nombre HOLA y que empiece dentro de 20 días, y que termine en una semana. Será para la categoría primaria, además, solo quiero 8 equipos como máximo	8	PRIMARY	\N	\N	organizar torneo	{"nombre": 0.85, "categoria": 0.87, "fecha_fin": 0.9, "fecha_inicio": 0.9, "nivel_tecnico": 0.0, "numero_equipos": 0.95, "tipo_torneo_sugerido": 0.0}	AMBIGUO	["nivel_tecnico", "tipo_torneo_sugerido"]	2026-04-30 10:44:47.615417+00	2026-05-27	2026-05-20	HOLA	\N
14c39933-dea5-487a-b14e-9d44acebf966	Competencia de robótica 'HOLA' diseñada para la categoría PRIMARY. Contaremos con la participación de hasta 8 equipos compitiendo por la excelencia técnica	8	PRIMARY	\N	\N	robótica	{"nombre": 0.0, "categoria": 0.87, "fecha_fin": 0.0, "descripcion": 0.7, "fecha_inicio": 0.0, "nivel_tecnico": 0.0, "numero_equipos": 0.95, "tipo_torneo_sugerido": 0.0}	AMBIGUO	["nombre", "nivel_tecnico", "tipo_torneo_sugerido", "fecha_inicio", "fecha_fin"]	2026-04-30 10:48:20.310525+00	\N	\N	\N	Competencia de robótica 'hola' diseñada para la categoría primary. contaremos con la participación de hasta 8 equipos compitiendo por la excelencia técnica
19ee097c-8dc4-4d4f-bd6a-086b135a6ec3	Quiero un torneo con nombre HOLA y que empiece dentro de 20 días, y que termine en una semana. Será para la categoría primaria, además, solo quiero 8 equipos como máximo	8	PRIMARY	\N	\N	organizar torneo	{"nombre": 0.85, "categoria": 0.87, "fecha_fin": 0.9, "descripcion": 0.7, "fecha_inicio": 0.9, "nivel_tecnico": 0.0, "numero_equipos": 0.95, "tipo_torneo_sugerido": 0.0}	AMBIGUO	["nivel_tecnico", "tipo_torneo_sugerido"]	2026-04-30 10:48:40.550236+00	2026-05-27	2026-05-20	HOLA	Quiero un torneo con nombre hola y que empiece dentro de 20 días, y que termine en una semana. será para la categoría primaria, además, solo quiero 8 equipos como máximo
f8c39526-6195-4fe0-88af-40c9ade05b6d	Quiero un torneo con nombre HOLA y que empiece dentro de 20 días, y que termine en una semana. Será para la categoría primaria, además, solo quiero 8 equipos como máximo	8	PRIMARY	\N	\N	organizar torneo	{"nombre": 0.85, "categoria": 0.87, "fecha_fin": 0.9, "descripcion": 0.7, "fecha_inicio": 0.9, "nivel_tecnico": 0.0, "numero_equipos": 0.95, "tipo_torneo_sugerido": 0.0}	AMBIGUO	["nivel_tecnico", "tipo_torneo_sugerido"]	2026-04-30 10:48:50.485603+00	2026-05-27	2026-05-20	HOLA	Quiero un torneo con nombre hola y que empiece dentro de 20 días, y que termine en una semana. será para la categoría primaria, además, solo quiero 8 equipos como máximo
ca101a52-6554-41b0-b5d5-2a69d3947544	Quiero un torneo con nombre HOLA y que empiece dentro de 20 días, y que termine en una semana. Será para la categoría primaria, además, solo quiero 8 equipos como máximo	8	PRIMARY	\N	\N	organizar torneo	{"nombre": 0.85, "categoria": 0.87, "fecha_fin": 0.9, "descripcion": 0.7, "fecha_inicio": 0.9, "nivel_tecnico": 0.0, "numero_equipos": 0.95, "tipo_torneo_sugerido": 0.0}	AMBIGUO	["nivel_tecnico", "tipo_torneo_sugerido"]	2026-04-30 10:49:31.831344+00	2026-05-27	2026-05-20	HOLA	Quiero un torneo con nombre hola y que empiece dentro de 20 días, y que termine en una semana. será para la categoría primaria, además, solo quiero 8 equipos como máximo
7a5fc8f2-9c95-4317-a261-76c7fac55185	Quiero un torneo con nombre HOLA y que empiece dentro de 20 días, y que termine en una semana. Será para la categoría primaria, además, solo quiero 8 equipos como máximo	8	PRIMARY	\N	\N	organizar torneo	{"nombre": 0.85, "categoria": 0.87, "fecha_fin": 0.9, "descripcion": 0.7, "fecha_inicio": 0.9, "nivel_tecnico": 0.0, "numero_equipos": 0.95, "tipo_torneo_sugerido": 0.0}	AMBIGUO	["nivel_tecnico", "tipo_torneo_sugerido"]	2026-04-30 10:49:32.093326+00	2026-05-27	2026-05-20	HOLA	Quiero un torneo con nombre hola y que empiece dentro de 20 días, y que termine en una semana. será para la categoría primaria, además, solo quiero 8 equipos como máximo
bcb356ee-dd41-4846-9794-eda669104b40	Quiero un torneo con nombre HOLA y que empiece dentro de 20 días, y que termine en una semana. Será para la categoría primaria, además, solo quiero 8 equipos como máximo	8	PRIMARY	\N	\N	organizar torneo	{"nombre": 0.85, "categoria": 0.87, "fecha_fin": 0.9, "descripcion": 0.7, "fecha_inicio": 0.9, "nivel_tecnico": 0.0, "numero_equipos": 0.95, "tipo_torneo_sugerido": 0.0}	AMBIGUO	["nivel_tecnico", "tipo_torneo_sugerido"]	2026-04-30 10:49:37.198708+00	2026-05-27	2026-05-20	HOLA	Quiero un torneo con nombre hola y que empiece dentro de 20 días, y que termine en una semana. será para la categoría primaria, además, solo quiero 8 equipos como máximo
14b8ad13-db58-4e96-9726-2a0c8454a07d	Quiero un torneo con nombre HOLA y que empiece dentro de 20 días, y que termine en una semana. Será para la categoría primaria, además, solo quiero 8 equipos como máximo	8	PRIMARY	\N	\N	organizar torneo	{"nombre": 0.85, "categoria": 0.87, "fecha_fin": 0.9, "descripcion": 0.7, "fecha_inicio": 0.9, "nivel_tecnico": 0.0, "numero_equipos": 0.95, "tipo_torneo_sugerido": 0.0}	AMBIGUO	["nivel_tecnico", "tipo_torneo_sugerido"]	2026-04-30 10:49:37.877374+00	2026-05-27	2026-05-20	HOLA	Quiero un torneo con nombre hola y que empiece dentro de 20 días, y que termine en una semana. será para la categoría primaria, además, solo quiero 8 equipos como máximo
b9d57218-e370-47fe-9e0b-9224630cad9e	Quiero un torneo con nombre HOLA y que empiece dentro de 20 días, y que termine en una semana. Será para la categoría primaria, además, solo quiero 8 equipos como máximo	8	PRIMARY	\N	\N	organizar torneo	{"nombre": 0.85, "categoria": 0.87, "fecha_fin": 0.9, "descripcion": 0.7, "fecha_inicio": 0.9, "nivel_tecnico": 0.0, "numero_equipos": 0.95, "tipo_torneo_sugerido": 0.0}	AMBIGUO	["nivel_tecnico", "tipo_torneo_sugerido"]	2026-04-30 10:49:38.171753+00	2026-05-27	2026-05-20	HOLA	Quiero un torneo con nombre hola y que empiece dentro de 20 días, y que termine en una semana. será para la categoría primaria, además, solo quiero 8 equipos como máximo
5fba80d1-66cc-4210-9691-89585b1615da	Quiero un torneo con nombre HOLA y que empiece dentro de 20 días, y que termine en una semana. Será para la categoría primaria, además, solo quiero 8 equipos como máximo	8	PRIMARY	\N	\N	organizar torneo	{"nombre": 0.85, "categoria": 0.87, "fecha_fin": 0.9, "descripcion": 0.7, "fecha_inicio": 0.9, "nivel_tecnico": 0.0, "numero_equipos": 0.95, "tipo_torneo_sugerido": 0.0}	AMBIGUO	["nivel_tecnico", "tipo_torneo_sugerido"]	2026-04-30 10:49:38.32725+00	2026-05-27	2026-05-20	HOLA	Quiero un torneo con nombre hola y que empiece dentro de 20 días, y que termine en una semana. será para la categoría primaria, además, solo quiero 8 equipos como máximo
f5ce4358-6ae1-49b8-a474-62ee2c3a2d47	Quiero un torneo con nombre HOLA y que empiece dentro de 20 días, y que termine en una semana. Será para la categoría primaria, además, solo quiero 8 equipos como máximo	8	PRIMARY	\N	\N	organizar torneo	{"nombre": 0.85, "categoria": 0.87, "fecha_fin": 0.9, "descripcion": 0.7, "fecha_inicio": 0.9, "nivel_tecnico": 0.0, "numero_equipos": 0.95, "tipo_torneo_sugerido": 0.0}	AMBIGUO	["nivel_tecnico", "tipo_torneo_sugerido"]	2026-04-30 10:49:43.729341+00	2026-05-27	2026-05-20	HOLA	Quiero un torneo con nombre hola y que empiece dentro de 20 días, y que termine en una semana. será para la categoría primaria, además, solo quiero 8 equipos como máximo
485506b4-97d3-4969-8116-2410fd780e6a	SOLO QUIERO SER FELIZ	\N	\N	\N	\N	organizar torneo	{"nombre": 0.0, "categoria": 0.0, "fecha_fin": 0.0, "descripcion": 0.8, "fecha_inicio": 0.0, "nivel_tecnico": 0.0, "numero_equipos": 0.0, "tipo_torneo_sugerido": 0.0}	AMBIGUO	["nombre", "numero_equipos", "categoria", "nivel_tecnico", "tipo_torneo_sugerido", "fecha_inicio", "fecha_fin"]	2026-04-30 10:58:03.709163+00	\N	\N	\N	Competencia de robótica 'Torneo de Robótica' diseñada para la categoría Abierta. Contaremos con la participación de hasta varios equipos compitiendo por la excelencia técnica.
83be5bdd-d527-465b-a37f-cf5fcee7dcae	8 equipos, TORNEO DE ROBOTICA, categoria de primaria, dentro de 20 días, duracion 1 semana; RETO DEL TORNEO: CREAR UN ROBOT CAPAZ DE LEVANTAR UNA CAJA PARA LLEVARLO DE UN PUNTO A OTRO	8	PRIMARY	\N	\N	organizar torneo, robotica	{"nombre": 0.0, "categoria": 0.87, "fecha_fin": 0.0, "descripcion": 0.7, "fecha_inicio": 0.9, "nivel_tecnico": 0.0, "numero_equipos": 0.95, "tipo_torneo_sugerido": 0.0}	AMBIGUO	["nombre", "nivel_tecnico", "tipo_torneo_sugerido", "fecha_fin"]	2026-04-30 10:59:23.895549+00	\N	2026-05-20	\N	8 equipos, torneo de robotica, categoria de primaria, dentro de 20 días, duracion 1 semana; reto del torneo: crear un robot capaz de levantar una caja para llevarlo de un punto a otro
a8af5cc7-b4fa-490c-b9cf-67d552debb72	queiro un otrnoe de 4 equipos	4	\N	\N	\N	queiro un otrnoe de 4 equipos	{"nombre": 0.0, "categoria": 0.0, "fecha_fin": 0.0, "descripcion": 0.8, "fecha_inicio": 0.0, "nivel_tecnico": 0.0, "numero_equipos": 0.95, "tipo_torneo_sugerido": 0.0}	AMBIGUO	["nombre", "categoria", "nivel_tecnico", "tipo_torneo_sugerido", "fecha_inicio", "fecha_fin"]	2026-04-30 17:39:46.040081+00	\N	\N	\N	Competencia de robótica 'Torneo de Robótica' diseñada para la categoría Abierta. Contaremos con la participación de hasta 4 equipos compitiendo por la excelencia técnica.
a65a199f-8e6f-44c2-9818-baefae63b905	queiro un otrnoe de 4 equipos nombre poser exploradopr	4	\N	\N	\N	queiro un otrnoe de 4 equipos nombre poser exploradopr	{"nombre": 0.85, "categoria": 0.0, "fecha_fin": 0.0, "descripcion": 0.8, "fecha_inicio": 0.0, "nivel_tecnico": 0.0, "numero_equipos": 0.95, "tipo_torneo_sugerido": 0.0}	AMBIGUO	["categoria", "nivel_tecnico", "tipo_torneo_sugerido", "fecha_inicio", "fecha_fin"]	2026-04-30 17:40:22.832718+00	\N	\N	poser exploradopr	Competencia de robótica 'poser exploradopr' diseñada para la categoría Abierta. Contaremos con la participación de hasta 4 equipos compitiendo por la excelencia técnica.
be226930-0364-4f15-8b16-4b92b6dfd327	queiro un otrnoe de 4 equipos nombre poser exploradopr	4	\N	\N	\N	queiro un otrnoe de 4 equipos nombre poser exploradopr	{"nombre": 0.85, "categoria": 0.0, "fecha_fin": 0.0, "descripcion": 0.8, "fecha_inicio": 0.0, "nivel_tecnico": 0.0, "numero_equipos": 0.95, "tipo_torneo_sugerido": 0.0}	AMBIGUO	["categoria", "nivel_tecnico", "tipo_torneo_sugerido", "fecha_inicio", "fecha_fin"]	2026-04-30 17:40:23.063162+00	\N	\N	poser exploradopr	Competencia de robótica 'poser exploradopr' diseñada para la categoría Abierta. Contaremos con la participación de hasta 4 equipos compitiendo por la excelencia técnica.
600b40d9-3876-4904-b47f-be1a10ac65a3	"Quiero crear un torneo llamado RobotFest 2026 para la categoría secundaria con nivel avanzado. El formato será de eliminación directa y contará con 16 equipos. El torneo debe iniciar dentro de 15 días y durar 5 días."	16	SECONDARY	AVANZADO	KNOCKOUT	organizar torneo	{"nombre": 0.85, "categoria": 0.87, "fecha_fin": 0.0, "descripcion": 0.7, "fecha_inicio": 0.9, "nivel_tecnico": 0.87, "numero_equipos": 0.95, "tipo_torneo_sugerido": 0.88}	AMBIGUO	["fecha_fin"]	2026-04-30 18:00:18.194431+00	\N	2026-05-15	RobotFest 2026 para la categoría secundaria con nivel avanzado	"quiero crear un torneo llamado robotfest 2026 para la categoría secundaria con nivel avanzado. el formato será de eliminación directa y contará con 16 equipos. el torneo debe iniciar dentro de 15 días y durar 5 días."
edd4f28d-ded6-49e1-8c20-f4750908985c	"Quiero crear un torneo llamado RobotFest 2026 para la categoría secundaria con nivel avanzado. El formato será de eliminación directa y contará con 16 equipos. El torneo debe iniciar dentro de 15 días y durar 5 días."	16	SECONDARY	AVANZADO	KNOCKOUT	organizar torneo	{"nombre": 0.85, "categoria": 0.87, "fecha_fin": 0.0, "descripcion": 0.7, "fecha_inicio": 0.9, "nivel_tecnico": 0.87, "numero_equipos": 0.95, "tipo_torneo_sugerido": 0.88}	AMBIGUO	["fecha_fin"]	2026-04-30 18:00:18.487128+00	\N	2026-05-15	RobotFest 2026 para la categoría secundaria con nivel avanzado	"quiero crear un torneo llamado robotfest 2026 para la categoría secundaria con nivel avanzado. el formato será de eliminación directa y contará con 16 equipos. el torneo debe iniciar dentro de 15 días y durar 5 días."
f1c8c560-a389-4aa6-8204-26918e957aaa	"Quiero crear un torneo llamado RobotFest 2026 para la categoría secundaria con nivel avanzado. El formato será de eliminación directa y contará con 16 equipos. El torneo debe iniciar dentro de 15 días y durar 5 días."	16	SECONDARY	AVANZADO	KNOCKOUT	organizar torneo	{"nombre": 0.85, "categoria": 0.87, "fecha_fin": 0.0, "descripcion": 0.7, "fecha_inicio": 0.9, "nivel_tecnico": 0.87, "numero_equipos": 0.95, "tipo_torneo_sugerido": 0.88}	AMBIGUO	["fecha_fin"]	2026-04-30 18:00:19.143611+00	\N	2026-05-15	RobotFest 2026 para la categoría secundaria con nivel avanzado	"quiero crear un torneo llamado robotfest 2026 para la categoría secundaria con nivel avanzado. el formato será de eliminación directa y contará con 16 equipos. el torneo debe iniciar dentro de 15 días y durar 5 días."
ca137da7-bfe9-40b1-ab47-0b34ceadf04f	"Quiero crear un torneo llamado RobotFest 2026 para la categoría secundaria con nivel avanzado. El formato será de eliminación directa y contará con 16 equipos. El torneo debe iniciar dentro de 15 días y durar 5 días. la fecga fin 1/07/2006"	16	SECONDARY	AVANZADO	KNOCKOUT	organizar torneo	{"nombre": 0.85, "categoria": 0.87, "fecha_fin": 0.0, "descripcion": 0.7, "fecha_inicio": 0.9, "nivel_tecnico": 0.87, "numero_equipos": 0.95, "tipo_torneo_sugerido": 0.88}	AMBIGUO	["fecha_fin"]	2026-04-30 18:00:49.87152+00	\N	2026-05-15	RobotFest 2026 para la categoría secundaria con nivel avanzado	"quiero crear un torneo llamado robotfest 2026 para la categoría secundaria con nivel avanzado. el formato será de eliminación directa y contará con 16 equipos. el torneo debe iniciar dentro de 15 días y durar 5 días. la fecga fin 1/07/2006"
746fd5de-4a70-401c-8b57-59ecfe348800	"Quiero crear un torneo llamado RobotFest 2026 para la categoría secundaria con nivel avanzado. El formato será de eliminación directa y contará con 16 equipos. El torneo debe iniciar dentro de 15 días y durar 5 días. la fecga fin 1/07/2006"	16	SECONDARY	AVANZADO	KNOCKOUT	organizar torneo	{"nombre": 0.85, "categoria": 0.87, "fecha_fin": 0.0, "descripcion": 0.7, "fecha_inicio": 0.9, "nivel_tecnico": 0.87, "numero_equipos": 0.95, "tipo_torneo_sugerido": 0.88}	AMBIGUO	["fecha_fin"]	2026-04-30 18:00:50.668698+00	\N	2026-05-15	RobotFest 2026 para la categoría secundaria con nivel avanzado	"quiero crear un torneo llamado robotfest 2026 para la categoría secundaria con nivel avanzado. el formato será de eliminación directa y contará con 16 equipos. el torneo debe iniciar dentro de 15 días y durar 5 días. la fecga fin 1/07/2006"
b6e150c0-7ee0-4fd0-b0b3-0c454695ac45	"Quiero crear un torneo llamado RobotFest 2026 para la categoría secundaria con nivel avanzado. El formato será de eliminación directa y contará con 16 equipos. El torneo debe iniciar dentro de 15 días y durar 5 días. la fecga fin 1/07/2006"	16	SECONDARY	AVANZADO	KNOCKOUT	organizar torneo	{"nombre": 0.85, "categoria": 0.87, "fecha_fin": 0.0, "descripcion": 0.7, "fecha_inicio": 0.9, "nivel_tecnico": 0.87, "numero_equipos": 0.95, "tipo_torneo_sugerido": 0.88}	AMBIGUO	["fecha_fin"]	2026-04-30 18:00:50.847739+00	\N	2026-05-15	RobotFest 2026 para la categoría secundaria con nivel avanzado	"quiero crear un torneo llamado robotfest 2026 para la categoría secundaria con nivel avanzado. el formato será de eliminación directa y contará con 16 equipos. el torneo debe iniciar dentro de 15 días y durar 5 días. la fecga fin 1/07/2006"
c957c112-088d-41a4-b057-4bc755bfb397	"Quiero crear un torneo llamado RobotFest 2026 para la categoría secundaria con nivel avanzado. El formato será de eliminación directa y contará con 16 equipos. El torneo debe iniciar dentro de 15 días y durar 5 días. la fecha fin 1/07/2006"	16	SECONDARY	AVANZADO	KNOCKOUT	organizar torneo	{"nombre": 0.85, "categoria": 0.87, "fecha_fin": 0.0, "descripcion": 0.7, "fecha_inicio": 0.9, "nivel_tecnico": 0.87, "numero_equipos": 0.95, "tipo_torneo_sugerido": 0.88}	AMBIGUO	["fecha_fin"]	2026-04-30 18:00:56.240624+00	\N	2026-05-15	RobotFest 2026 para la categoría secundaria con nivel avanzado	"quiero crear un torneo llamado robotfest 2026 para la categoría secundaria con nivel avanzado. el formato será de eliminación directa y contará con 16 equipos. el torneo debe iniciar dentro de 15 días y durar 5 días. la fecha fin 1/07/2006"
dda70f27-6a03-46cb-b5eb-95fe3357aca0	"Quiero crear un torneo llamado RobotFest 2026 para la categoría secundaria con nivel avanzado. El formato será de eliminación directa y contará con 16 equipos. El torneo debe iniciar dentro de 15 días y durar 5 días."	16	SECONDARY	AVANZADO	KNOCKOUT	organizar torneo	{"nombre": 0.85, "categoria": 0.87, "fecha_fin": 0.0, "descripcion": 0.7, "fecha_inicio": 0.9, "nivel_tecnico": 0.87, "numero_equipos": 0.95, "tipo_torneo_sugerido": 0.88}	AMBIGUO	["fecha_fin"]	2026-04-30 18:15:03.789906+00	\N	2026-05-15	RobotFest 2026 para la categoría secundaria con nivel avanzado	"quiero crear un torneo llamado robotfest 2026 para la categoría secundaria con nivel avanzado. el formato será de eliminación directa y contará con 16 equipos. el torneo debe iniciar dentro de 15 días y durar 5 días."
\.


--
-- Data for Name: competencia_participant; Type: TABLE DATA; Schema: public; Owner: admin
--

COPY public.competencia_participant (id, nombres, apellidos, edad, grado_academico, rol_en_equipo, documento_identidad, autorizacion_datos, team_id) FROM stdin;
48d27c1f-dbf5-4f0d-8f0b-f0232d35a068	Josef	Ore Campos	15	3ro	Programador	71660137	t	1607dbce-405e-4f43-942f-a7763be7557b
77c180d1-e42e-400f-9757-8017b93bd97c	Mikeiel	Rojas Peña	15	3ro	Diseñador	71541214	t	1607dbce-405e-4f43-942f-a7763be7557b
c98b2978-182c-4252-8052-81a690d05701	Josef	Ore Campos	15	3ro	Programador	71660137	t	a8026046-bf1b-4097-bc92-8e98843700ee
6259df78-7ded-497b-ac43-8c1f791030dd	Carlos	Tovar Sanchez	15	3ro	Diseñador	61680023	t	a8026046-bf1b-4097-bc92-8e98843700ee
294025de-f127-4a49-96c5-f5ebecc84303	Carla	Altergui Huamani	15	3ro	Programador	64514584	t	08d29346-8825-42be-8a16-ec5705f9d1ce
a3ad18e5-5e35-4930-bf0c-7fb7eedf6ca2	Patrick	Alcantaro Ramo	15	3ro	Diseñador	75126543	t	08d29346-8825-42be-8a16-ec5705f9d1ce
\.


--
-- Data for Name: competencia_standing; Type: TABLE DATA; Schema: public; Owner: admin
--

COPY public.competencia_standing (id, partidos_jugados, victorias, empates, derrotas, puntos, puntaje_favor, puntaje_contra, diferencia_puntaje, posicion, group_id, tournament_id, team_id) FROM stdin;
179	1	1	0	0	3	0.0000	0.0000	0.0000	1	\N	bb427147-0c76-46d7-bc1d-61224dcf1ffe	08d29346-8825-42be-8a16-ec5705f9d1ce
180	1	0	0	1	0	0.0000	0.0000	0.0000	2	\N	bb427147-0c76-46d7-bc1d-61224dcf1ffe	a8026046-bf1b-4097-bc92-8e98843700ee
\.


--
-- Data for Name: competencia_team; Type: TABLE DATA; Schema: public; Owner: admin
--

COPY public.competencia_team (id, name, category, nivel_tecnico_declarado, estado_inscripcion, fecha_inscripcion, representante_id, docente_asesor_id, institution_id, tournament_id) FROM stdin;
1607dbce-405e-4f43-942f-a7763be7557b	Claretiano TEC	explorador	BASICO	APROBADO	2026-05-07 09:38:49.810412+00	fdf4a6eb-4893-48af-8026-a996bbe670bc	fdf4a6eb-4893-48af-8026-a996bbe670bc	6c5f228a-4f03-41c4-a669-bf9dc905aebd	3f051c4b-c272-4c0f-a452-d75cc3065685
a8026046-bf1b-4097-bc92-8e98843700ee	Claretiano TEC	explorador	BASICO	APROBADO	2026-05-07 09:52:08.188197+00	fdf4a6eb-4893-48af-8026-a996bbe670bc	fdf4a6eb-4893-48af-8026-a996bbe670bc	6fffba8d-c569-43b8-8428-99da1c5aa629	bb427147-0c76-46d7-bc1d-61224dcf1ffe
08d29346-8825-42be-8a16-ec5705f9d1ce	Claretiano	explorador	BASICO	APROBADO	2026-05-07 09:55:38.224869+00	cac65eff-9b6c-4367-a785-5b6372ac1419	cac65eff-9b6c-4367-a785-5b6372ac1419	00de4f64-a9a1-489d-a49f-09a621f18d66	bb427147-0c76-46d7-bc1d-61224dcf1ffe
\.


--
-- Data for Name: competencia_tournament; Type: TABLE DATA; Schema: public; Owner: admin
--

COPY public.competencia_tournament (id, name, description, date_start, date_end, state, category, creator_user_id, tournament_rule_id, config_tournament) FROM stdin;
bb427147-0c76-46d7-bc1d-61224dcf1ffe	ROBOTICA GO	DESARROLLAR UN SISTEMA DE CONTROL AUTOMATICO DE AGUA	2026-05-19 14:00:00+00	2026-05-21 23:00:00+00	finalized	explorador	3f43c13c-aca7-4d30-9df7-04d026189a68	248daf67-0335-498c-acaa-3e6fcfb64438	{"type": "knockout", "config": {"best_of": 3, "third_place": true, "seed_enabled": true}}
08b75bb4-9031-4e26-9478-8d87a1e7ddbb	PROYECTO DE ROBOTICA UNIDO	CONSTRUIR UN ROBOT QUE PUEDA CARGAR MATERIALES DE PUNTO A PUNTO	2026-05-14 01:00:00+00	2026-05-17 10:00:00+00	registration_open	explorador	3f43c13c-aca7-4d30-9df7-04d026189a68	d8d5ef7e-5417-4c77-bff7-0aa495148231	{"type": "knockout", "config": {"best_of": 3, "third_place": true, "seed_enabled": true}}
3f051c4b-c272-4c0f-a452-d75cc3065685	Programa de unidad robotica	Construir un sistema automatico de detección de estudiantes que asistieron a una clase	2026-05-13 15:00:00+00	2026-05-18 00:00:00+00	registration_closed	explorador	3f43c13c-aca7-4d30-9df7-04d026189a68	4beda7a2-eca1-4cde-af97-9c145f391387	{"type": "round_robin", "config": {"num_rounds": 1, "point_to_draw": 1, "point_to_defeat": 0, "point_to_victory": 3, "tie_breaking_criteria": ["DIFF_POINTS", "POINTS_FOR"]}}
\.


--
-- Data for Name: competencia_tournament_member; Type: TABLE DATA; Schema: public; Owner: admin
--

COPY public.competencia_tournament_member (id, user_id, tournament_id, rol, created_at, updated_at) FROM stdin;
a563a533-661d-49fb-acba-d1d741aea587	3f43c13c-aca7-4d30-9df7-04d026189a68	048c23ea-9f72-4f7e-b37f-15392a7a8f86	manager	2026-04-30 04:53:06.593459+00	2026-04-30 04:53:06.593459+00
8ab75fc7-8cc9-4754-9212-c8abc879ece3	3f43c13c-aca7-4d30-9df7-04d026189a68	3a3fdc00-b559-493d-8ca2-7e489c63e4dc	manager	2026-04-30 13:37:57.607649+00	2026-04-30 13:37:57.607649+00
07405ca5-7a9b-4979-bc36-8578afc020da	3f43c13c-aca7-4d30-9df7-04d026189a68	048c23ea-9f72-4f7e-b37f-15392a7a8f86	manager	2026-04-30 10:12:59.828607+00	2026-04-30 10:12:59.828607+00
ae6b5e4a-d572-4922-b462-325f1a166ea1	3f43c13c-aca7-4d30-9df7-04d026189a68	65fb6641-62b5-4916-8a65-31763046360b	manager	2026-04-30 10:46:14.695849+00	2026-04-30 10:46:14.695849+00
d1ed77be-cfcd-41ad-804a-6c7e70961cef	3f43c13c-aca7-4d30-9df7-04d026189a68	64c5458c-1bbb-4a3d-881e-1baaf9910581	manager	2026-04-30 14:06:58.814287+00	2026-04-30 14:06:58.814287+00
300126bc-5a00-4838-b27f-75acfd57696c	3f43c13c-aca7-4d30-9df7-04d026189a68	a26c7d92-0428-42b0-920c-ebfdc8cb156b	manager	2026-04-30 17:14:05.188149+00	2026-04-30 17:14:05.188149+00
5c9de4a8-d925-4308-a081-0ad3828ab23f	3f43c13c-aca7-4d30-9df7-04d026189a68	38751cac-0390-4fe8-8397-26b422e63bc8	manager	2026-04-30 11:04:38.464542+00	2026-04-30 11:04:38.464542+00
c0969682-5f10-437d-9839-c935c9cb344a	3f43c13c-aca7-4d30-9df7-04d026189a68	e534a080-b230-4614-a5fe-20dd104ac8d6	manager	2026-04-30 11:53:04.418735+00	2026-04-30 11:53:04.418735+00
cdba19ee-81be-45ba-91b9-bb6d60c919af	3f43c13c-aca7-4d30-9df7-04d026189a68	8714fec3-7fa3-442f-9aa1-ea504d9e0e6c	manager	2026-04-30 12:13:48.543008+00	2026-04-30 12:13:48.543008+00
1ab7632d-ebef-4f04-b85a-5824542c4bf1	3f43c13c-aca7-4d30-9df7-04d026189a68	77223bbf-078e-4e73-9217-b7e1aba52cf9	manager	2026-04-30 12:14:02.819075+00	2026-04-30 12:14:02.819075+00
a686a271-6993-40d1-adb8-07bb76182205	3f43c13c-aca7-4d30-9df7-04d026189a68	de3cd2a7-b4a3-4e7d-bcd3-c16ff1998aa0	manager	2026-04-30 17:28:02.915317+00	2026-04-30 17:28:02.915317+00
a4a43f10-d31f-4f8f-a35a-181b8ec9a3bd	3f43c13c-aca7-4d30-9df7-04d026189a68	15042b2b-2078-4220-b203-f2e6771bd08b	manager	2026-04-30 17:30:34.455063+00	2026-04-30 17:30:34.455063+00
9584e359-2641-4686-aa39-455a7a1af275	3f43c13c-aca7-4d30-9df7-04d026189a68	7b786c9c-44b6-475a-8f6c-7aa8e555a817	manager	2026-04-30 17:33:00.75594+00	2026-04-30 17:33:00.75594+00
7ff74ecd-cb34-4b7b-8703-a9dd9d11c288	3f43c13c-aca7-4d30-9df7-04d026189a68	5ed5299f-4b7e-4ee9-8e99-6e5ff2164cf6	manager	2026-04-30 17:35:03.915211+00	2026-04-30 17:35:03.915211+00
e60aa2d7-81e2-492c-886b-132ff671c57e	3f43c13c-aca7-4d30-9df7-04d026189a68	9c1ccd17-c2fa-4cb3-ae4d-bbad54bff6c5	manager	2026-04-30 17:56:23.48259+00	2026-04-30 17:56:23.48259+00
f91a80d6-4d21-4e9e-90a3-7232132ffe57	3f43c13c-aca7-4d30-9df7-04d026189a68	77a521c3-7902-4c2d-9d9b-345761d8a9e1	manager	2026-04-30 13:06:13.501734+00	2026-04-30 13:06:13.501734+00
f111bd33-6dcc-4b8d-8884-996145dda65e	e7a4dea2-0b9f-4236-bce2-bfbecd181133	2bc4d8d1-c70f-4b95-a7e9-dd49ed58e816	manager	2026-04-30 13:21:50.498822+00	2026-04-30 13:21:50.498822+00
005908a1-3fb3-4c29-b3b4-109e44d89279	3f43c13c-aca7-4d30-9df7-04d026189a68	ce6fa037-2eba-4c2b-951c-f8e8b67d9cad	manager	2026-04-30 18:02:30.422676+00	2026-04-30 18:02:30.422676+00
4b10310b-667f-489e-8532-4b63d0134470	3f43c13c-aca7-4d30-9df7-04d026189a68	7cf3efa2-f4d8-42fa-97c4-40812b9e00b3	manager	2026-04-30 18:07:46.446876+00	2026-04-30 18:07:46.446876+00
fe0170c3-b113-4efc-82ea-fb51ba9e33ed	3f43c13c-aca7-4d30-9df7-04d026189a68	9d6a9f35-b8f4-416b-982c-1a10703917da	manager	2026-04-30 18:09:29.291895+00	2026-04-30 18:09:29.291895+00
926894bc-3014-4c31-860e-1603cfd7bb64	3f43c13c-aca7-4d30-9df7-04d026189a68	599d4803-796c-48aa-a631-a6b3a1af64c8	manager	2026-04-30 18:10:12.778305+00	2026-04-30 18:10:12.778305+00
b3dbd16f-d511-44f9-85c6-6f81b4e3fc56	3f43c13c-aca7-4d30-9df7-04d026189a68	5a942608-2a60-4cc4-a78e-ad0f92d04181	manager	2026-04-30 18:15:50.349092+00	2026-04-30 18:15:50.349092+00
0c401b99-c466-45c6-8d9b-27bece9f0dec	3f43c13c-aca7-4d30-9df7-04d026189a68	22e97173-f00b-4353-9bab-9b05e48bcbac	manager	2026-05-02 00:39:14.399637+00	2026-05-02 00:39:14.399637+00
97f0f2d2-6848-4938-9b9a-b0e8b6795791	3f43c13c-aca7-4d30-9df7-04d026189a68	08b75bb4-9031-4e26-9478-8d87a1e7ddbb	manager	2026-05-07 09:29:25.308881+00	2026-05-07 09:29:25.308881+00
49180a32-8ec2-4045-bd71-f672c9c62584	3f43c13c-aca7-4d30-9df7-04d026189a68	3f051c4b-c272-4c0f-a452-d75cc3065685	manager	2026-05-07 09:44:53.570297+00	2026-05-07 09:44:53.570297+00
c4b6c3fc-7707-4d33-88c3-a3b333e3975e	3f43c13c-aca7-4d30-9df7-04d026189a68	bb427147-0c76-46d7-bc1d-61224dcf1ffe	manager	2026-05-07 12:08:10.078056+00	2026-05-07 12:08:10.078056+00
\.


--
-- Data for Name: competencia_tournament_rule; Type: TABLE DATA; Schema: public; Owner: admin
--

COPY public.competencia_tournament_rule (id, min_members, max_members, min_teams, max_teams, access_type, validation_list, created_at, updated_at, date_end_inscription, date_start_inscription) FROM stdin;
f5faab89-2645-40ff-9032-29f541e9677b	2	5	4	4	private	["Colegio Claret", "Colegio Ingenieria", "Colegio CIentifica", "Colegio Salesiano"]	2026-04-30 17:24:00.0879+00	2026-04-30 17:28:02.915313+00	2026-04-27 04:59:59+00	2026-04-09 05:00:00+00
6022cdce-8117-4082-8e57-dcc8f1982315	2	5	4	8	private	["Colegio claret"]	2026-04-30 17:28:51.931904+00	2026-04-30 17:30:34.455059+00	2026-04-16 04:59:59+00	2026-04-15 05:00:00+00
30a43891-e058-404f-9d44-002c4802f3f4	2	5	4	16	private	["id_institucion_1", "id_institucion_2"]	2026-04-30 04:53:06.593436+00	2026-04-30 04:57:03.462219+00	\N	\N
9af5b375-0247-420e-ba65-7f5801a7f91a	2	5	4	16	private	[]	2026-04-30 10:35:45.352756+00	2026-04-30 14:06:58.814283+00	2026-05-01 04:59:59+00	2026-05-01 05:00:00+00
2feb03c2-4cdd-43d0-916b-0f54fb51c0c0	2	5	4	8	private	[]	2026-04-30 10:46:14.695828+00	2026-04-30 10:46:14.695828+00	\N	\N
aa779586-25d2-425c-a3ba-5e09d4f07d19	2	5	4	16	private	[]	2026-04-30 17:14:05.188123+00	2026-04-30 17:14:05.188124+00	\N	\N
3465d2ae-a632-4201-b54e-e57b0821b248	2	5	4	8	private	[]	2026-04-30 10:59:52.964069+00	2026-04-30 11:04:26.13981+00	\N	\N
071f4d9a-468b-49e8-ace0-5ac011e1bb8b	2	5	4	16	public	[]	2026-04-30 17:32:18.389402+00	2026-04-30 17:33:00.755936+00	2026-05-05 04:59:59+00	2026-05-02 05:00:00+00
fbcbf150-dd11-49cd-8189-9b899b4c7a73	2	5	4	16	private	[]	2026-04-30 10:14:12.856015+00	2026-04-30 11:52:57.95854+00	\N	\N
82973ded-5734-4baa-b06a-3808ee111f3f	2	5	4	16	public	[]	2026-04-30 11:17:43.51749+00	2026-04-30 12:13:48.383094+00	\N	\N
830b541c-285b-4b02-bbcc-ba5bb0693ac1	2	5	4	16	public	[]	2026-04-30 12:08:49.033694+00	2026-04-30 12:09:12.434699+00	\N	\N
9501f0ea-1c19-4a4d-823d-8c3182dbfb78	2	5	4	16	private	["cole"]	2026-04-30 17:34:01.460667+00	2026-04-30 17:35:03.915207+00	2026-04-30 04:59:59+00	2026-04-26 05:00:00+00
30d6f66e-1633-43c2-8e78-7e557beb0842	2	5	4	16	private	[]	2026-04-30 17:56:23.482567+00	2026-04-30 17:56:23.482567+00	\N	\N
c2fa97b6-1a98-43fd-b745-219b50b246c5	2	5	4	16	public	[]	2026-04-30 13:05:46.263335+00	2026-04-30 13:06:13.425627+00	\N	\N
a8bd69fb-7fe9-402e-87c6-dd97cbcaf87d	2	5	4	15	private	[]	2026-04-30 13:14:18.562098+00	2026-04-30 13:21:50.498663+00	\N	\N
6ca73bf5-30df-49e1-ba4f-2cb26b346eed	2	5	4	16	public	[]	2026-04-30 13:31:23.193579+00	2026-04-30 13:37:57.607644+00	2026-05-03 04:59:59+00	2026-05-01 05:00:00+00
1d63249f-b1d2-4210-9f95-763f2db26288	2	5	4	16	private	["colegio"]	2026-04-30 18:01:40.09265+00	2026-04-30 18:02:30.422672+00	2026-05-07 04:59:59+00	2026-05-01 05:00:00+00
14b264f1-78d0-400f-b19a-7dca0ff26fd2	2	5	4	16	private	["Ccolegio Ingenieria", "Colegio Claretiano"]	2026-04-30 18:06:40.428355+00	2026-04-30 18:07:46.446872+00	2026-05-04 04:59:59+00	2026-05-01 05:00:00+00
97da2183-b043-4e3e-9e46-5c886487c401	2	5	4	16	private	[]	2026-04-30 18:09:02.715735+00	2026-04-30 18:09:29.29189+00	\N	\N
64f6d05f-fab9-4c87-b857-d158e4afc522	2	5	4	16	private	[]	2026-04-30 18:10:12.778291+00	2026-04-30 18:10:12.778292+00	\N	\N
c570f18c-2790-4fbe-bf15-5fc490527360	2	5	4	16	private	["Colegio Excelenti"]	2026-04-30 18:15:16.779547+00	2026-04-30 18:15:50.349088+00	2026-05-19 04:59:59+00	2026-05-16 05:00:00+00
192955c6-2655-486f-8301-ca1a547505ed	2	5	4	16	private	[]	2026-05-02 00:34:32.05842+00	2026-05-02 00:39:14.243707+00	2026-05-04 04:59:59+00	2026-05-02 05:00:00+00
248daf67-0335-498c-acaa-3e6fcfb64438	2	5	2	16	public	[]	2026-05-07 14:46:03.803147+00	2026-05-12 04:46:30.968332+00	2026-05-19 18:59:59+00	2026-05-14 19:00:00+00
d8d5ef7e-5417-4c77-bff7-0aa495148231	2	5	4	16	private	["Claretiano"]	2026-05-07 14:28:39.559047+00	2026-05-08 10:29:14.575354+00	2026-05-14 00:59:59+00	2026-05-09 01:00:00+00
4beda7a2-eca1-4cde-af97-9c145f391387	2	5	4	16	public	[]	2026-05-07 14:36:16.190836+00	2026-05-08 05:36:41.959624+00	2026-05-12 19:59:59+00	2026-05-07 20:00:00+00
\.


--
-- Data for Name: competencia_tournament_tournament_members; Type: TABLE DATA; Schema: public; Owner: admin
--

COPY public.competencia_tournament_tournament_members (id, tournamentmodel_id, tournamentmembermodel_id) FROM stdin;
143	bb427147-0c76-46d7-bc1d-61224dcf1ffe	c4b6c3fc-7707-4d33-88c3-a3b333e3975e
112	08b75bb4-9031-4e26-9478-8d87a1e7ddbb	97f0f2d2-6848-4938-9b9a-b0e8b6795791
118	3f051c4b-c272-4c0f-a452-d75cc3065685	49180a32-8ec2-4045-bd71-f672c9c62584
\.


--
-- Data for Name: django_admin_log; Type: TABLE DATA; Schema: public; Owner: admin
--

COPY public.django_admin_log (id, action_time, object_id, object_repr, action_flag, change_message, content_type_id, user_id) FROM stdin;
\.


--
-- Data for Name: django_content_type; Type: TABLE DATA; Schema: public; Owner: admin
--

COPY public.django_content_type (id, app_label, model) FROM stdin;
1	admin	logentry
2	auth	group
3	auth	permission
4	auth	user
5	contenttypes	contenttype
6	sessions	session
7	competencia	criteriamodel
8	competencia	criterioiamodel
9	competencia	docenteasesormodel
10	competencia	finalrankingmodel
11	competencia	groupmodel
12	competencia	institutionmodel
13	competencia	matchmodel
14	competencia	matchresultmodel
15	competencia	nlpanalysismodel
16	competencia	participantmodel
17	competencia	standingmodel
18	competencia	teammodel
19	competencia	tournamentmembermodel
20	competencia	tournamentmodel
21	competencia	tournamentrulemodel
22	authentication	usermodel
\.


--
-- Data for Name: django_migrations; Type: TABLE DATA; Schema: public; Owner: admin
--

COPY public.django_migrations (id, app, name, applied) FROM stdin;
1	contenttypes	0001_initial	2026-05-07 09:18:53.979117+00
2	auth	0001_initial	2026-05-07 09:18:53.997463+00
3	admin	0001_initial	2026-05-07 09:18:54.004634+00
4	admin	0002_logentry_remove_auto_add	2026-05-07 09:18:54.00808+00
5	admin	0003_logentry_add_action_flag_choices	2026-05-07 09:18:54.011487+00
6	contenttypes	0002_remove_content_type_name	2026-05-07 09:18:54.018661+00
7	auth	0002_alter_permission_name_max_length	2026-05-07 09:18:54.02349+00
8	auth	0003_alter_user_email_max_length	2026-05-07 09:18:54.027077+00
9	auth	0004_alter_user_username_opts	2026-05-07 09:18:54.030985+00
10	auth	0005_alter_user_last_login_null	2026-05-07 09:18:54.034808+00
11	auth	0006_require_contenttypes_0002	2026-05-07 09:18:54.035679+00
12	auth	0007_alter_validators_add_error_messages	2026-05-07 09:18:54.038842+00
13	auth	0008_alter_user_username_max_length	2026-05-07 09:18:54.043285+00
14	auth	0009_alter_user_last_name_max_length	2026-05-07 09:18:54.046698+00
15	auth	0010_alter_group_name_max_length	2026-05-07 09:18:54.050752+00
16	auth	0011_update_proxy_permissions	2026-05-07 09:18:54.05419+00
17	auth	0012_alter_user_first_name_max_length	2026-05-07 09:18:54.058023+00
18	authentication	0001_initial	2026-05-07 09:18:54.061713+00
19	authentication	0002_alter_usermodel_birth_date	2026-05-07 09:18:54.063223+00
20	authentication	0003_alter_usermodel_birth_date	2026-05-07 09:18:54.065709+00
21	competencia	0001_initial	2026-05-07 09:18:54.07171+00
22	competencia	0002_tournamentmembermodel_criteriamodel_and_more	2026-05-07 09:18:54.083173+00
23	competencia	0003_remove_criteriamodel_tournament_rule	2026-05-07 09:18:54.090757+00
24	competencia	0004_tournamentrulemodel_date_end_inscription_and_more	2026-05-07 09:18:54.094887+00
25	competencia	0005_criteriamodel_max_value_qualification_and_more	2026-05-07 09:18:54.10382+00
26	competencia	0006_institutionmodel_groupmodel_docenteasesormodel_and_more	2026-05-07 09:18:54.161705+00
27	competencia	0003_nlpanalysismodel	2026-05-07 09:18:54.164701+00
28	competencia	0004_criterioiamodel	2026-05-07 09:18:54.168945+00
29	competencia	0007_merge_20260430_0543	2026-05-07 09:18:54.169788+00
30	competencia	0008_nlpanalysismodel_fecha_fin_sugerida_and_more	2026-05-07 09:18:54.173064+00
31	competencia	0009_nlpanalysismodel_descripcion_sugerida	2026-05-07 09:18:54.17492+00
32	sessions	0001_initial	2026-05-07 09:18:54.178339+00
\.


--
-- Data for Name: django_session; Type: TABLE DATA; Schema: public; Owner: admin
--

COPY public.django_session (session_key, session_data, expire_date) FROM stdin;
\.


--
-- Name: auth_group_id_seq; Type: SEQUENCE SET; Schema: public; Owner: admin
--

SELECT pg_catalog.setval('public.auth_group_id_seq', 1, false);


--
-- Name: auth_group_permissions_id_seq; Type: SEQUENCE SET; Schema: public; Owner: admin
--

SELECT pg_catalog.setval('public.auth_group_permissions_id_seq', 1, false);


--
-- Name: auth_permission_id_seq; Type: SEQUENCE SET; Schema: public; Owner: admin
--

SELECT pg_catalog.setval('public.auth_permission_id_seq', 88, true);


--
-- Name: auth_user_groups_id_seq; Type: SEQUENCE SET; Schema: public; Owner: admin
--

SELECT pg_catalog.setval('public.auth_user_groups_id_seq', 1, false);


--
-- Name: auth_user_id_seq; Type: SEQUENCE SET; Schema: public; Owner: admin
--

SELECT pg_catalog.setval('public.auth_user_id_seq', 1, false);


--
-- Name: auth_user_user_permissions_id_seq; Type: SEQUENCE SET; Schema: public; Owner: admin
--

SELECT pg_catalog.setval('public.auth_user_user_permissions_id_seq', 1, false);


--
-- Name: competencia_final_ranking_id_seq; Type: SEQUENCE SET; Schema: public; Owner: admin
--

SELECT pg_catalog.setval('public.competencia_final_ranking_id_seq', 1, false);


--
-- Name: competencia_standing_id_seq; Type: SEQUENCE SET; Schema: public; Owner: admin
--

SELECT pg_catalog.setval('public.competencia_standing_id_seq', 209, true);


--
-- Name: competencia_tournament_tournament_members_id_seq; Type: SEQUENCE SET; Schema: public; Owner: admin
--

SELECT pg_catalog.setval('public.competencia_tournament_tournament_members_id_seq', 143, true);


--
-- Name: django_admin_log_id_seq; Type: SEQUENCE SET; Schema: public; Owner: admin
--

SELECT pg_catalog.setval('public.django_admin_log_id_seq', 1, false);


--
-- Name: django_content_type_id_seq; Type: SEQUENCE SET; Schema: public; Owner: admin
--

SELECT pg_catalog.setval('public.django_content_type_id_seq', 22, true);


--
-- Name: django_migrations_id_seq; Type: SEQUENCE SET; Schema: public; Owner: admin
--

SELECT pg_catalog.setval('public.django_migrations_id_seq', 33, true);


--
-- Name: auth_group auth_group_name_key; Type: CONSTRAINT; Schema: public; Owner: admin
--

ALTER TABLE ONLY public.auth_group
    ADD CONSTRAINT auth_group_name_key UNIQUE (name);


--
-- Name: auth_group_permissions auth_group_permissions_group_id_permission_id_0cd325b0_uniq; Type: CONSTRAINT; Schema: public; Owner: admin
--

ALTER TABLE ONLY public.auth_group_permissions
    ADD CONSTRAINT auth_group_permissions_group_id_permission_id_0cd325b0_uniq UNIQUE (group_id, permission_id);


--
-- Name: auth_group_permissions auth_group_permissions_pkey; Type: CONSTRAINT; Schema: public; Owner: admin
--

ALTER TABLE ONLY public.auth_group_permissions
    ADD CONSTRAINT auth_group_permissions_pkey PRIMARY KEY (id);


--
-- Name: auth_group auth_group_pkey; Type: CONSTRAINT; Schema: public; Owner: admin
--

ALTER TABLE ONLY public.auth_group
    ADD CONSTRAINT auth_group_pkey PRIMARY KEY (id);


--
-- Name: auth_permission auth_permission_content_type_id_codename_01ab375a_uniq; Type: CONSTRAINT; Schema: public; Owner: admin
--

ALTER TABLE ONLY public.auth_permission
    ADD CONSTRAINT auth_permission_content_type_id_codename_01ab375a_uniq UNIQUE (content_type_id, codename);


--
-- Name: auth_permission auth_permission_pkey; Type: CONSTRAINT; Schema: public; Owner: admin
--

ALTER TABLE ONLY public.auth_permission
    ADD CONSTRAINT auth_permission_pkey PRIMARY KEY (id);


--
-- Name: auth_user_groups auth_user_groups_pkey; Type: CONSTRAINT; Schema: public; Owner: admin
--

ALTER TABLE ONLY public.auth_user_groups
    ADD CONSTRAINT auth_user_groups_pkey PRIMARY KEY (id);


--
-- Name: auth_user_groups auth_user_groups_user_id_group_id_94350c0c_uniq; Type: CONSTRAINT; Schema: public; Owner: admin
--

ALTER TABLE ONLY public.auth_user_groups
    ADD CONSTRAINT auth_user_groups_user_id_group_id_94350c0c_uniq UNIQUE (user_id, group_id);


--
-- Name: auth_user auth_user_pkey; Type: CONSTRAINT; Schema: public; Owner: admin
--

ALTER TABLE ONLY public.auth_user
    ADD CONSTRAINT auth_user_pkey PRIMARY KEY (id);


--
-- Name: auth_user_user_permissions auth_user_user_permissions_pkey; Type: CONSTRAINT; Schema: public; Owner: admin
--

ALTER TABLE ONLY public.auth_user_user_permissions
    ADD CONSTRAINT auth_user_user_permissions_pkey PRIMARY KEY (id);


--
-- Name: auth_user_user_permissions auth_user_user_permissions_user_id_permission_id_14a6b632_uniq; Type: CONSTRAINT; Schema: public; Owner: admin
--

ALTER TABLE ONLY public.auth_user_user_permissions
    ADD CONSTRAINT auth_user_user_permissions_user_id_permission_id_14a6b632_uniq UNIQUE (user_id, permission_id);


--
-- Name: auth_user auth_user_username_key; Type: CONSTRAINT; Schema: public; Owner: admin
--

ALTER TABLE ONLY public.auth_user
    ADD CONSTRAINT auth_user_username_key UNIQUE (username);


--
-- Name: authentication_user authentication_user_email_key; Type: CONSTRAINT; Schema: public; Owner: admin
--

ALTER TABLE ONLY public.authentication_user
    ADD CONSTRAINT authentication_user_email_key UNIQUE (email);


--
-- Name: authentication_user authentication_user_pkey; Type: CONSTRAINT; Schema: public; Owner: admin
--

ALTER TABLE ONLY public.authentication_user
    ADD CONSTRAINT authentication_user_pkey PRIMARY KEY (id);


--
-- Name: competencia_criteria competencia_criteria_pkey; Type: CONSTRAINT; Schema: public; Owner: admin
--

ALTER TABLE ONLY public.competencia_criteria
    ADD CONSTRAINT competencia_criteria_pkey PRIMARY KEY (id);


--
-- Name: competencia_criterio_ia competencia_criterio_ia_pkey; Type: CONSTRAINT; Schema: public; Owner: admin
--

ALTER TABLE ONLY public.competencia_criterio_ia
    ADD CONSTRAINT competencia_criterio_ia_pkey PRIMARY KEY (id);


--
-- Name: competencia_docente_asesor competencia_docente_asesor_email_key; Type: CONSTRAINT; Schema: public; Owner: admin
--

ALTER TABLE ONLY public.competencia_docente_asesor
    ADD CONSTRAINT competencia_docente_asesor_email_key UNIQUE (email);


--
-- Name: competencia_docente_asesor competencia_docente_asesor_pkey; Type: CONSTRAINT; Schema: public; Owner: admin
--

ALTER TABLE ONLY public.competencia_docente_asesor
    ADD CONSTRAINT competencia_docente_asesor_pkey PRIMARY KEY (id);


--
-- Name: competencia_final_ranking competencia_final_ranking_pkey; Type: CONSTRAINT; Schema: public; Owner: admin
--

ALTER TABLE ONLY public.competencia_final_ranking
    ADD CONSTRAINT competencia_final_ranking_pkey PRIMARY KEY (id);


--
-- Name: competencia_group competencia_group_pkey; Type: CONSTRAINT; Schema: public; Owner: admin
--

ALTER TABLE ONLY public.competencia_group
    ADD CONSTRAINT competencia_group_pkey PRIMARY KEY (id);


--
-- Name: competencia_institution competencia_institution_pkey; Type: CONSTRAINT; Schema: public; Owner: admin
--

ALTER TABLE ONLY public.competencia_institution
    ADD CONSTRAINT competencia_institution_pkey PRIMARY KEY (id);


--
-- Name: competencia_match competencia_match_pkey; Type: CONSTRAINT; Schema: public; Owner: admin
--

ALTER TABLE ONLY public.competencia_match
    ADD CONSTRAINT competencia_match_pkey PRIMARY KEY (id);


--
-- Name: competencia_match_result competencia_match_result_pkey; Type: CONSTRAINT; Schema: public; Owner: admin
--

ALTER TABLE ONLY public.competencia_match_result
    ADD CONSTRAINT competencia_match_result_pkey PRIMARY KEY (id);


--
-- Name: competencia_nlp_analysis competencia_nlp_analysis_pkey; Type: CONSTRAINT; Schema: public; Owner: admin
--

ALTER TABLE ONLY public.competencia_nlp_analysis
    ADD CONSTRAINT competencia_nlp_analysis_pkey PRIMARY KEY (id);


--
-- Name: competencia_participant competencia_participant_pkey; Type: CONSTRAINT; Schema: public; Owner: admin
--

ALTER TABLE ONLY public.competencia_participant
    ADD CONSTRAINT competencia_participant_pkey PRIMARY KEY (id);


--
-- Name: competencia_standing competencia_standing_pkey; Type: CONSTRAINT; Schema: public; Owner: admin
--

ALTER TABLE ONLY public.competencia_standing
    ADD CONSTRAINT competencia_standing_pkey PRIMARY KEY (id);


--
-- Name: competencia_team competencia_team_pkey; Type: CONSTRAINT; Schema: public; Owner: admin
--

ALTER TABLE ONLY public.competencia_team
    ADD CONSTRAINT competencia_team_pkey PRIMARY KEY (id);


--
-- Name: competencia_team competencia_team_tournament_id_name_498b44c2_uniq; Type: CONSTRAINT; Schema: public; Owner: admin
--

ALTER TABLE ONLY public.competencia_team
    ADD CONSTRAINT competencia_team_tournament_id_name_498b44c2_uniq UNIQUE (tournament_id, name);


--
-- Name: competencia_tournament_member competencia_tournament_member_pkey; Type: CONSTRAINT; Schema: public; Owner: admin
--

ALTER TABLE ONLY public.competencia_tournament_member
    ADD CONSTRAINT competencia_tournament_member_pkey PRIMARY KEY (id);


--
-- Name: competencia_tournament competencia_tournament_pkey; Type: CONSTRAINT; Schema: public; Owner: admin
--

ALTER TABLE ONLY public.competencia_tournament
    ADD CONSTRAINT competencia_tournament_pkey PRIMARY KEY (id);


--
-- Name: competencia_tournament_rule competencia_tournament_rule_pkey; Type: CONSTRAINT; Schema: public; Owner: admin
--

ALTER TABLE ONLY public.competencia_tournament_rule
    ADD CONSTRAINT competencia_tournament_rule_pkey PRIMARY KEY (id);


--
-- Name: competencia_tournament_tournament_members competencia_tournament_t_tournamentmodel_id_tourn_a0750ae0_uniq; Type: CONSTRAINT; Schema: public; Owner: admin
--

ALTER TABLE ONLY public.competencia_tournament_tournament_members
    ADD CONSTRAINT competencia_tournament_t_tournamentmodel_id_tourn_a0750ae0_uniq UNIQUE (tournamentmodel_id, tournamentmembermodel_id);


--
-- Name: competencia_tournament_tournament_members competencia_tournament_tournament_members_pkey; Type: CONSTRAINT; Schema: public; Owner: admin
--

ALTER TABLE ONLY public.competencia_tournament_tournament_members
    ADD CONSTRAINT competencia_tournament_tournament_members_pkey PRIMARY KEY (id);


--
-- Name: competencia_tournament competencia_tournament_tournament_rule_id_key; Type: CONSTRAINT; Schema: public; Owner: admin
--

ALTER TABLE ONLY public.competencia_tournament
    ADD CONSTRAINT competencia_tournament_tournament_rule_id_key UNIQUE (tournament_rule_id);


--
-- Name: django_admin_log django_admin_log_pkey; Type: CONSTRAINT; Schema: public; Owner: admin
--

ALTER TABLE ONLY public.django_admin_log
    ADD CONSTRAINT django_admin_log_pkey PRIMARY KEY (id);


--
-- Name: django_content_type django_content_type_app_label_model_76bd3d3b_uniq; Type: CONSTRAINT; Schema: public; Owner: admin
--

ALTER TABLE ONLY public.django_content_type
    ADD CONSTRAINT django_content_type_app_label_model_76bd3d3b_uniq UNIQUE (app_label, model);


--
-- Name: django_content_type django_content_type_pkey; Type: CONSTRAINT; Schema: public; Owner: admin
--

ALTER TABLE ONLY public.django_content_type
    ADD CONSTRAINT django_content_type_pkey PRIMARY KEY (id);


--
-- Name: django_migrations django_migrations_pkey; Type: CONSTRAINT; Schema: public; Owner: admin
--

ALTER TABLE ONLY public.django_migrations
    ADD CONSTRAINT django_migrations_pkey PRIMARY KEY (id);


--
-- Name: django_session django_session_pkey; Type: CONSTRAINT; Schema: public; Owner: admin
--

ALTER TABLE ONLY public.django_session
    ADD CONSTRAINT django_session_pkey PRIMARY KEY (session_key);


--
-- Name: auth_group_name_a6ea08ec_like; Type: INDEX; Schema: public; Owner: admin
--

CREATE INDEX auth_group_name_a6ea08ec_like ON public.auth_group USING btree (name varchar_pattern_ops);


--
-- Name: auth_group_permissions_group_id_b120cbf9; Type: INDEX; Schema: public; Owner: admin
--

CREATE INDEX auth_group_permissions_group_id_b120cbf9 ON public.auth_group_permissions USING btree (group_id);


--
-- Name: auth_group_permissions_permission_id_84c5c92e; Type: INDEX; Schema: public; Owner: admin
--

CREATE INDEX auth_group_permissions_permission_id_84c5c92e ON public.auth_group_permissions USING btree (permission_id);


--
-- Name: auth_permission_content_type_id_2f476e4b; Type: INDEX; Schema: public; Owner: admin
--

CREATE INDEX auth_permission_content_type_id_2f476e4b ON public.auth_permission USING btree (content_type_id);


--
-- Name: auth_user_groups_group_id_97559544; Type: INDEX; Schema: public; Owner: admin
--

CREATE INDEX auth_user_groups_group_id_97559544 ON public.auth_user_groups USING btree (group_id);


--
-- Name: auth_user_groups_user_id_6a12ed8b; Type: INDEX; Schema: public; Owner: admin
--

CREATE INDEX auth_user_groups_user_id_6a12ed8b ON public.auth_user_groups USING btree (user_id);


--
-- Name: auth_user_user_permissions_permission_id_1fbb5f2c; Type: INDEX; Schema: public; Owner: admin
--

CREATE INDEX auth_user_user_permissions_permission_id_1fbb5f2c ON public.auth_user_user_permissions USING btree (permission_id);


--
-- Name: auth_user_user_permissions_user_id_a95ead1b; Type: INDEX; Schema: public; Owner: admin
--

CREATE INDEX auth_user_user_permissions_user_id_a95ead1b ON public.auth_user_user_permissions USING btree (user_id);


--
-- Name: auth_user_username_6821ab7c_like; Type: INDEX; Schema: public; Owner: admin
--

CREATE INDEX auth_user_username_6821ab7c_like ON public.auth_user USING btree (username varchar_pattern_ops);


--
-- Name: authentication_user_email_2220eff5_like; Type: INDEX; Schema: public; Owner: admin
--

CREATE INDEX authentication_user_email_2220eff5_like ON public.authentication_user USING btree (email varchar_pattern_ops);


--
-- Name: authentication_user_id_54ae97a0_like; Type: INDEX; Schema: public; Owner: admin
--

CREATE INDEX authentication_user_id_54ae97a0_like ON public.authentication_user USING btree (id varchar_pattern_ops);


--
-- Name: competencia_criteria_id_1b5e97b9_like; Type: INDEX; Schema: public; Owner: admin
--

CREATE INDEX competencia_criteria_id_1b5e97b9_like ON public.competencia_criteria USING btree (id varchar_pattern_ops);


--
-- Name: competencia_criteria_tournament_id_b2a29a3b; Type: INDEX; Schema: public; Owner: admin
--

CREATE INDEX competencia_criteria_tournament_id_b2a29a3b ON public.competencia_criteria USING btree (tournament_id);


--
-- Name: competencia_criteria_tournament_id_b2a29a3b_like; Type: INDEX; Schema: public; Owner: admin
--

CREATE INDEX competencia_criteria_tournament_id_b2a29a3b_like ON public.competencia_criteria USING btree (tournament_id varchar_pattern_ops);


--
-- Name: competencia_criterio_ia_sesion_ia_id_843524f5; Type: INDEX; Schema: public; Owner: admin
--

CREATE INDEX competencia_criterio_ia_sesion_ia_id_843524f5 ON public.competencia_criterio_ia USING btree (sesion_ia_id);


--
-- Name: competencia_criterio_ia_sesion_ia_id_843524f5_like; Type: INDEX; Schema: public; Owner: admin
--

CREATE INDEX competencia_criterio_ia_sesion_ia_id_843524f5_like ON public.competencia_criterio_ia USING btree (sesion_ia_id varchar_pattern_ops);


--
-- Name: competencia_docente_asesor_email_ecde2aac_like; Type: INDEX; Schema: public; Owner: admin
--

CREATE INDEX competencia_docente_asesor_email_ecde2aac_like ON public.competencia_docente_asesor USING btree (email varchar_pattern_ops);


--
-- Name: competencia_docente_asesor_id_fb853ed9_like; Type: INDEX; Schema: public; Owner: admin
--

CREATE INDEX competencia_docente_asesor_id_fb853ed9_like ON public.competencia_docente_asesor USING btree (id varchar_pattern_ops);


--
-- Name: competencia_docente_asesor_institution_id_640e4eab; Type: INDEX; Schema: public; Owner: admin
--

CREATE INDEX competencia_docente_asesor_institution_id_640e4eab ON public.competencia_docente_asesor USING btree (institution_id);


--
-- Name: competencia_docente_asesor_institution_id_640e4eab_like; Type: INDEX; Schema: public; Owner: admin
--

CREATE INDEX competencia_docente_asesor_institution_id_640e4eab_like ON public.competencia_docente_asesor USING btree (institution_id varchar_pattern_ops);


--
-- Name: competencia_final_ranking_team_id_52870f7a; Type: INDEX; Schema: public; Owner: admin
--

CREATE INDEX competencia_final_ranking_team_id_52870f7a ON public.competencia_final_ranking USING btree (team_id);


--
-- Name: competencia_final_ranking_team_id_52870f7a_like; Type: INDEX; Schema: public; Owner: admin
--

CREATE INDEX competencia_final_ranking_team_id_52870f7a_like ON public.competencia_final_ranking USING btree (team_id varchar_pattern_ops);


--
-- Name: competencia_final_ranking_tournament_id_a7a290b0; Type: INDEX; Schema: public; Owner: admin
--

CREATE INDEX competencia_final_ranking_tournament_id_a7a290b0 ON public.competencia_final_ranking USING btree (tournament_id);


--
-- Name: competencia_final_ranking_tournament_id_a7a290b0_like; Type: INDEX; Schema: public; Owner: admin
--

CREATE INDEX competencia_final_ranking_tournament_id_a7a290b0_like ON public.competencia_final_ranking USING btree (tournament_id varchar_pattern_ops);


--
-- Name: competencia_group_id_3e3053f4_like; Type: INDEX; Schema: public; Owner: admin
--

CREATE INDEX competencia_group_id_3e3053f4_like ON public.competencia_group USING btree (id varchar_pattern_ops);


--
-- Name: competencia_group_tournament_id_d6e6d7e9; Type: INDEX; Schema: public; Owner: admin
--

CREATE INDEX competencia_group_tournament_id_d6e6d7e9 ON public.competencia_group USING btree (tournament_id);


--
-- Name: competencia_group_tournament_id_d6e6d7e9_like; Type: INDEX; Schema: public; Owner: admin
--

CREATE INDEX competencia_group_tournament_id_d6e6d7e9_like ON public.competencia_group USING btree (tournament_id varchar_pattern_ops);


--
-- Name: competencia_institution_id_b22d1e83_like; Type: INDEX; Schema: public; Owner: admin
--

CREATE INDEX competencia_institution_id_b22d1e83_like ON public.competencia_institution USING btree (id varchar_pattern_ops);


--
-- Name: competencia_match_equipo_local_id_6bc96d44; Type: INDEX; Schema: public; Owner: admin
--

CREATE INDEX competencia_match_equipo_local_id_6bc96d44 ON public.competencia_match USING btree (equipo_local_id);


--
-- Name: competencia_match_equipo_local_id_6bc96d44_like; Type: INDEX; Schema: public; Owner: admin
--

CREATE INDEX competencia_match_equipo_local_id_6bc96d44_like ON public.competencia_match USING btree (equipo_local_id varchar_pattern_ops);


--
-- Name: competencia_match_equipo_visitante_id_4df5811e; Type: INDEX; Schema: public; Owner: admin
--

CREATE INDEX competencia_match_equipo_visitante_id_4df5811e ON public.competencia_match USING btree (equipo_visitante_id);


--
-- Name: competencia_match_equipo_visitante_id_4df5811e_like; Type: INDEX; Schema: public; Owner: admin
--

CREATE INDEX competencia_match_equipo_visitante_id_4df5811e_like ON public.competencia_match USING btree (equipo_visitante_id varchar_pattern_ops);


--
-- Name: competencia_match_grupo_id_e17c74bb; Type: INDEX; Schema: public; Owner: admin
--

CREATE INDEX competencia_match_grupo_id_e17c74bb ON public.competencia_match USING btree (grupo_id);


--
-- Name: competencia_match_grupo_id_e17c74bb_like; Type: INDEX; Schema: public; Owner: admin
--

CREATE INDEX competencia_match_grupo_id_e17c74bb_like ON public.competencia_match USING btree (grupo_id varchar_pattern_ops);


--
-- Name: competencia_match_id_9a542997_like; Type: INDEX; Schema: public; Owner: admin
--

CREATE INDEX competencia_match_id_9a542997_like ON public.competencia_match USING btree (id varchar_pattern_ops);


--
-- Name: competencia_match_partido_siguiente_id_4475d3d3; Type: INDEX; Schema: public; Owner: admin
--

CREATE INDEX competencia_match_partido_siguiente_id_4475d3d3 ON public.competencia_match USING btree (partido_siguiente_id);


--
-- Name: competencia_match_partido_siguiente_id_4475d3d3_like; Type: INDEX; Schema: public; Owner: admin
--

CREATE INDEX competencia_match_partido_siguiente_id_4475d3d3_like ON public.competencia_match USING btree (partido_siguiente_id varchar_pattern_ops);


--
-- Name: competencia_match_result_criterio_id_ce97160d; Type: INDEX; Schema: public; Owner: admin
--

CREATE INDEX competencia_match_result_criterio_id_ce97160d ON public.competencia_match_result USING btree (criterio_id);


--
-- Name: competencia_match_result_criterio_id_ce97160d_like; Type: INDEX; Schema: public; Owner: admin
--

CREATE INDEX competencia_match_result_criterio_id_ce97160d_like ON public.competencia_match_result USING btree (criterio_id varchar_pattern_ops);


--
-- Name: competencia_match_result_equipo_id_c44c3846; Type: INDEX; Schema: public; Owner: admin
--

CREATE INDEX competencia_match_result_equipo_id_c44c3846 ON public.competencia_match_result USING btree (equipo_id);


--
-- Name: competencia_match_result_equipo_id_c44c3846_like; Type: INDEX; Schema: public; Owner: admin
--

CREATE INDEX competencia_match_result_equipo_id_c44c3846_like ON public.competencia_match_result USING btree (equipo_id varchar_pattern_ops);


--
-- Name: competencia_match_result_id_d14e9cf1_like; Type: INDEX; Schema: public; Owner: admin
--

CREATE INDEX competencia_match_result_id_d14e9cf1_like ON public.competencia_match_result USING btree (id varchar_pattern_ops);


--
-- Name: competencia_match_result_match_id_53eebfa6; Type: INDEX; Schema: public; Owner: admin
--

CREATE INDEX competencia_match_result_match_id_53eebfa6 ON public.competencia_match_result USING btree (match_id);


--
-- Name: competencia_match_result_match_id_53eebfa6_like; Type: INDEX; Schema: public; Owner: admin
--

CREATE INDEX competencia_match_result_match_id_53eebfa6_like ON public.competencia_match_result USING btree (match_id varchar_pattern_ops);


--
-- Name: competencia_match_tournament_id_050e35fe; Type: INDEX; Schema: public; Owner: admin
--

CREATE INDEX competencia_match_tournament_id_050e35fe ON public.competencia_match USING btree (tournament_id);


--
-- Name: competencia_match_tournament_id_050e35fe_like; Type: INDEX; Schema: public; Owner: admin
--

CREATE INDEX competencia_match_tournament_id_050e35fe_like ON public.competencia_match USING btree (tournament_id varchar_pattern_ops);


--
-- Name: competencia_participant_id_a82d9810_like; Type: INDEX; Schema: public; Owner: admin
--

CREATE INDEX competencia_participant_id_a82d9810_like ON public.competencia_participant USING btree (id varchar_pattern_ops);


--
-- Name: competencia_participant_team_id_0711973b; Type: INDEX; Schema: public; Owner: admin
--

CREATE INDEX competencia_participant_team_id_0711973b ON public.competencia_participant USING btree (team_id);


--
-- Name: competencia_participant_team_id_0711973b_like; Type: INDEX; Schema: public; Owner: admin
--

CREATE INDEX competencia_participant_team_id_0711973b_like ON public.competencia_participant USING btree (team_id varchar_pattern_ops);


--
-- Name: competencia_standing_group_id_11c9aaef; Type: INDEX; Schema: public; Owner: admin
--

CREATE INDEX competencia_standing_group_id_11c9aaef ON public.competencia_standing USING btree (group_id);


--
-- Name: competencia_standing_group_id_11c9aaef_like; Type: INDEX; Schema: public; Owner: admin
--

CREATE INDEX competencia_standing_group_id_11c9aaef_like ON public.competencia_standing USING btree (group_id varchar_pattern_ops);


--
-- Name: competencia_standing_team_id_4402e61b; Type: INDEX; Schema: public; Owner: admin
--

CREATE INDEX competencia_standing_team_id_4402e61b ON public.competencia_standing USING btree (team_id);


--
-- Name: competencia_standing_team_id_4402e61b_like; Type: INDEX; Schema: public; Owner: admin
--

CREATE INDEX competencia_standing_team_id_4402e61b_like ON public.competencia_standing USING btree (team_id varchar_pattern_ops);


--
-- Name: competencia_standing_tournament_id_25f09b1c; Type: INDEX; Schema: public; Owner: admin
--

CREATE INDEX competencia_standing_tournament_id_25f09b1c ON public.competencia_standing USING btree (tournament_id);


--
-- Name: competencia_standing_tournament_id_25f09b1c_like; Type: INDEX; Schema: public; Owner: admin
--

CREATE INDEX competencia_standing_tournament_id_25f09b1c_like ON public.competencia_standing USING btree (tournament_id varchar_pattern_ops);


--
-- Name: competencia_team_docente_asesor_id_f17d267c; Type: INDEX; Schema: public; Owner: admin
--

CREATE INDEX competencia_team_docente_asesor_id_f17d267c ON public.competencia_team USING btree (docente_asesor_id);


--
-- Name: competencia_team_docente_asesor_id_f17d267c_like; Type: INDEX; Schema: public; Owner: admin
--

CREATE INDEX competencia_team_docente_asesor_id_f17d267c_like ON public.competencia_team USING btree (docente_asesor_id varchar_pattern_ops);


--
-- Name: competencia_team_id_7fd65493_like; Type: INDEX; Schema: public; Owner: admin
--

CREATE INDEX competencia_team_id_7fd65493_like ON public.competencia_team USING btree (id varchar_pattern_ops);


--
-- Name: competencia_team_institution_id_334ff767; Type: INDEX; Schema: public; Owner: admin
--

CREATE INDEX competencia_team_institution_id_334ff767 ON public.competencia_team USING btree (institution_id);


--
-- Name: competencia_team_institution_id_334ff767_like; Type: INDEX; Schema: public; Owner: admin
--

CREATE INDEX competencia_team_institution_id_334ff767_like ON public.competencia_team USING btree (institution_id varchar_pattern_ops);


--
-- Name: competencia_team_tournament_id_6b84928c; Type: INDEX; Schema: public; Owner: admin
--

CREATE INDEX competencia_team_tournament_id_6b84928c ON public.competencia_team USING btree (tournament_id);


--
-- Name: competencia_team_tournament_id_6b84928c_like; Type: INDEX; Schema: public; Owner: admin
--

CREATE INDEX competencia_team_tournament_id_6b84928c_like ON public.competencia_team USING btree (tournament_id varchar_pattern_ops);


--
-- Name: competencia_tournament_id_10410e59_like; Type: INDEX; Schema: public; Owner: admin
--

CREATE INDEX competencia_tournament_id_10410e59_like ON public.competencia_tournament USING btree (id varchar_pattern_ops);


--
-- Name: competencia_tournament_member_id_b5758ec9_like; Type: INDEX; Schema: public; Owner: admin
--

CREATE INDEX competencia_tournament_member_id_b5758ec9_like ON public.competencia_tournament_member USING btree (id varchar_pattern_ops);


--
-- Name: competencia_tournament_rule_id_c78136fe_like; Type: INDEX; Schema: public; Owner: admin
--

CREATE INDEX competencia_tournament_rule_id_c78136fe_like ON public.competencia_tournament_rule USING btree (id varchar_pattern_ops);


--
-- Name: competencia_tournament_t_tournamentmembermodel_id_41a18f99_like; Type: INDEX; Schema: public; Owner: admin
--

CREATE INDEX competencia_tournament_t_tournamentmembermodel_id_41a18f99_like ON public.competencia_tournament_tournament_members USING btree (tournamentmembermodel_id varchar_pattern_ops);


--
-- Name: competencia_tournament_t_tournamentmodel_id_4244a034_like; Type: INDEX; Schema: public; Owner: admin
--

CREATE INDEX competencia_tournament_t_tournamentmodel_id_4244a034_like ON public.competencia_tournament_tournament_members USING btree (tournamentmodel_id varchar_pattern_ops);


--
-- Name: competencia_tournament_tou_tournamentmembermodel_id_41a18f99; Type: INDEX; Schema: public; Owner: admin
--

CREATE INDEX competencia_tournament_tou_tournamentmembermodel_id_41a18f99 ON public.competencia_tournament_tournament_members USING btree (tournamentmembermodel_id);


--
-- Name: competencia_tournament_tou_tournamentmodel_id_4244a034; Type: INDEX; Schema: public; Owner: admin
--

CREATE INDEX competencia_tournament_tou_tournamentmodel_id_4244a034 ON public.competencia_tournament_tournament_members USING btree (tournamentmodel_id);


--
-- Name: competencia_tournament_tournament_rule_id_9e210802_like; Type: INDEX; Schema: public; Owner: admin
--

CREATE INDEX competencia_tournament_tournament_rule_id_9e210802_like ON public.competencia_tournament USING btree (tournament_rule_id varchar_pattern_ops);


--
-- Name: django_admin_log_content_type_id_c4bce8eb; Type: INDEX; Schema: public; Owner: admin
--

CREATE INDEX django_admin_log_content_type_id_c4bce8eb ON public.django_admin_log USING btree (content_type_id);


--
-- Name: django_admin_log_user_id_c564eba6; Type: INDEX; Schema: public; Owner: admin
--

CREATE INDEX django_admin_log_user_id_c564eba6 ON public.django_admin_log USING btree (user_id);


--
-- Name: django_session_expire_date_a5c62663; Type: INDEX; Schema: public; Owner: admin
--

CREATE INDEX django_session_expire_date_a5c62663 ON public.django_session USING btree (expire_date);


--
-- Name: django_session_session_key_c0390e0f_like; Type: INDEX; Schema: public; Owner: admin
--

CREATE INDEX django_session_session_key_c0390e0f_like ON public.django_session USING btree (session_key varchar_pattern_ops);


--
-- Name: auth_group_permissions auth_group_permissio_permission_id_84c5c92e_fk_auth_perm; Type: FK CONSTRAINT; Schema: public; Owner: admin
--

ALTER TABLE ONLY public.auth_group_permissions
    ADD CONSTRAINT auth_group_permissio_permission_id_84c5c92e_fk_auth_perm FOREIGN KEY (permission_id) REFERENCES public.auth_permission(id) DEFERRABLE INITIALLY DEFERRED;


--
-- Name: auth_group_permissions auth_group_permissions_group_id_b120cbf9_fk_auth_group_id; Type: FK CONSTRAINT; Schema: public; Owner: admin
--

ALTER TABLE ONLY public.auth_group_permissions
    ADD CONSTRAINT auth_group_permissions_group_id_b120cbf9_fk_auth_group_id FOREIGN KEY (group_id) REFERENCES public.auth_group(id) DEFERRABLE INITIALLY DEFERRED;


--
-- Name: auth_permission auth_permission_content_type_id_2f476e4b_fk_django_co; Type: FK CONSTRAINT; Schema: public; Owner: admin
--

ALTER TABLE ONLY public.auth_permission
    ADD CONSTRAINT auth_permission_content_type_id_2f476e4b_fk_django_co FOREIGN KEY (content_type_id) REFERENCES public.django_content_type(id) DEFERRABLE INITIALLY DEFERRED;


--
-- Name: auth_user_groups auth_user_groups_group_id_97559544_fk_auth_group_id; Type: FK CONSTRAINT; Schema: public; Owner: admin
--

ALTER TABLE ONLY public.auth_user_groups
    ADD CONSTRAINT auth_user_groups_group_id_97559544_fk_auth_group_id FOREIGN KEY (group_id) REFERENCES public.auth_group(id) DEFERRABLE INITIALLY DEFERRED;


--
-- Name: auth_user_groups auth_user_groups_user_id_6a12ed8b_fk_auth_user_id; Type: FK CONSTRAINT; Schema: public; Owner: admin
--

ALTER TABLE ONLY public.auth_user_groups
    ADD CONSTRAINT auth_user_groups_user_id_6a12ed8b_fk_auth_user_id FOREIGN KEY (user_id) REFERENCES public.auth_user(id) DEFERRABLE INITIALLY DEFERRED;


--
-- Name: auth_user_user_permissions auth_user_user_permi_permission_id_1fbb5f2c_fk_auth_perm; Type: FK CONSTRAINT; Schema: public; Owner: admin
--

ALTER TABLE ONLY public.auth_user_user_permissions
    ADD CONSTRAINT auth_user_user_permi_permission_id_1fbb5f2c_fk_auth_perm FOREIGN KEY (permission_id) REFERENCES public.auth_permission(id) DEFERRABLE INITIALLY DEFERRED;


--
-- Name: auth_user_user_permissions auth_user_user_permissions_user_id_a95ead1b_fk_auth_user_id; Type: FK CONSTRAINT; Schema: public; Owner: admin
--

ALTER TABLE ONLY public.auth_user_user_permissions
    ADD CONSTRAINT auth_user_user_permissions_user_id_a95ead1b_fk_auth_user_id FOREIGN KEY (user_id) REFERENCES public.auth_user(id) DEFERRABLE INITIALLY DEFERRED;


--
-- Name: competencia_criteria competencia_criteria_tournament_id_b2a29a3b_fk_competenc; Type: FK CONSTRAINT; Schema: public; Owner: admin
--

ALTER TABLE ONLY public.competencia_criteria
    ADD CONSTRAINT competencia_criteria_tournament_id_b2a29a3b_fk_competenc FOREIGN KEY (tournament_id) REFERENCES public.competencia_tournament(id) DEFERRABLE INITIALLY DEFERRED;


--
-- Name: competencia_docente_asesor competencia_docente__institution_id_640e4eab_fk_competenc; Type: FK CONSTRAINT; Schema: public; Owner: admin
--

ALTER TABLE ONLY public.competencia_docente_asesor
    ADD CONSTRAINT competencia_docente__institution_id_640e4eab_fk_competenc FOREIGN KEY (institution_id) REFERENCES public.competencia_institution(id) DEFERRABLE INITIALLY DEFERRED;


--
-- Name: competencia_final_ranking competencia_final_ra_team_id_52870f7a_fk_competenc; Type: FK CONSTRAINT; Schema: public; Owner: admin
--

ALTER TABLE ONLY public.competencia_final_ranking
    ADD CONSTRAINT competencia_final_ra_team_id_52870f7a_fk_competenc FOREIGN KEY (team_id) REFERENCES public.competencia_team(id) DEFERRABLE INITIALLY DEFERRED;


--
-- Name: competencia_final_ranking competencia_final_ra_tournament_id_a7a290b0_fk_competenc; Type: FK CONSTRAINT; Schema: public; Owner: admin
--

ALTER TABLE ONLY public.competencia_final_ranking
    ADD CONSTRAINT competencia_final_ra_tournament_id_a7a290b0_fk_competenc FOREIGN KEY (tournament_id) REFERENCES public.competencia_tournament(id) DEFERRABLE INITIALLY DEFERRED;


--
-- Name: competencia_group competencia_group_tournament_id_d6e6d7e9_fk_competenc; Type: FK CONSTRAINT; Schema: public; Owner: admin
--

ALTER TABLE ONLY public.competencia_group
    ADD CONSTRAINT competencia_group_tournament_id_d6e6d7e9_fk_competenc FOREIGN KEY (tournament_id) REFERENCES public.competencia_tournament(id) DEFERRABLE INITIALLY DEFERRED;


--
-- Name: competencia_match competencia_match_equipo_local_id_6bc96d44_fk_competenc; Type: FK CONSTRAINT; Schema: public; Owner: admin
--

ALTER TABLE ONLY public.competencia_match
    ADD CONSTRAINT competencia_match_equipo_local_id_6bc96d44_fk_competenc FOREIGN KEY (equipo_local_id) REFERENCES public.competencia_team(id) DEFERRABLE INITIALLY DEFERRED;


--
-- Name: competencia_match competencia_match_equipo_visitante_id_4df5811e_fk_competenc; Type: FK CONSTRAINT; Schema: public; Owner: admin
--

ALTER TABLE ONLY public.competencia_match
    ADD CONSTRAINT competencia_match_equipo_visitante_id_4df5811e_fk_competenc FOREIGN KEY (equipo_visitante_id) REFERENCES public.competencia_team(id) DEFERRABLE INITIALLY DEFERRED;


--
-- Name: competencia_match competencia_match_grupo_id_e17c74bb_fk_competencia_group_id; Type: FK CONSTRAINT; Schema: public; Owner: admin
--

ALTER TABLE ONLY public.competencia_match
    ADD CONSTRAINT competencia_match_grupo_id_e17c74bb_fk_competencia_group_id FOREIGN KEY (grupo_id) REFERENCES public.competencia_group(id) DEFERRABLE INITIALLY DEFERRED;


--
-- Name: competencia_match competencia_match_partido_siguiente_id_4475d3d3_fk_competenc; Type: FK CONSTRAINT; Schema: public; Owner: admin
--

ALTER TABLE ONLY public.competencia_match
    ADD CONSTRAINT competencia_match_partido_siguiente_id_4475d3d3_fk_competenc FOREIGN KEY (partido_siguiente_id) REFERENCES public.competencia_match(id) DEFERRABLE INITIALLY DEFERRED;


--
-- Name: competencia_match_result competencia_match_re_criterio_id_ce97160d_fk_competenc; Type: FK CONSTRAINT; Schema: public; Owner: admin
--

ALTER TABLE ONLY public.competencia_match_result
    ADD CONSTRAINT competencia_match_re_criterio_id_ce97160d_fk_competenc FOREIGN KEY (criterio_id) REFERENCES public.competencia_criteria(id) DEFERRABLE INITIALLY DEFERRED;


--
-- Name: competencia_match_result competencia_match_re_equipo_id_c44c3846_fk_competenc; Type: FK CONSTRAINT; Schema: public; Owner: admin
--

ALTER TABLE ONLY public.competencia_match_result
    ADD CONSTRAINT competencia_match_re_equipo_id_c44c3846_fk_competenc FOREIGN KEY (equipo_id) REFERENCES public.competencia_team(id) DEFERRABLE INITIALLY DEFERRED;


--
-- Name: competencia_match_result competencia_match_re_match_id_53eebfa6_fk_competenc; Type: FK CONSTRAINT; Schema: public; Owner: admin
--

ALTER TABLE ONLY public.competencia_match_result
    ADD CONSTRAINT competencia_match_re_match_id_53eebfa6_fk_competenc FOREIGN KEY (match_id) REFERENCES public.competencia_match(id) DEFERRABLE INITIALLY DEFERRED;


--
-- Name: competencia_match competencia_match_tournament_id_050e35fe_fk_competenc; Type: FK CONSTRAINT; Schema: public; Owner: admin
--

ALTER TABLE ONLY public.competencia_match
    ADD CONSTRAINT competencia_match_tournament_id_050e35fe_fk_competenc FOREIGN KEY (tournament_id) REFERENCES public.competencia_tournament(id) DEFERRABLE INITIALLY DEFERRED;


--
-- Name: competencia_participant competencia_participant_team_id_0711973b_fk_competencia_team_id; Type: FK CONSTRAINT; Schema: public; Owner: admin
--

ALTER TABLE ONLY public.competencia_participant
    ADD CONSTRAINT competencia_participant_team_id_0711973b_fk_competencia_team_id FOREIGN KEY (team_id) REFERENCES public.competencia_team(id) DEFERRABLE INITIALLY DEFERRED;


--
-- Name: competencia_standing competencia_standing_group_id_11c9aaef_fk_competencia_group_id; Type: FK CONSTRAINT; Schema: public; Owner: admin
--

ALTER TABLE ONLY public.competencia_standing
    ADD CONSTRAINT competencia_standing_group_id_11c9aaef_fk_competencia_group_id FOREIGN KEY (group_id) REFERENCES public.competencia_group(id) DEFERRABLE INITIALLY DEFERRED;


--
-- Name: competencia_standing competencia_standing_team_id_4402e61b_fk_competencia_team_id; Type: FK CONSTRAINT; Schema: public; Owner: admin
--

ALTER TABLE ONLY public.competencia_standing
    ADD CONSTRAINT competencia_standing_team_id_4402e61b_fk_competencia_team_id FOREIGN KEY (team_id) REFERENCES public.competencia_team(id) DEFERRABLE INITIALLY DEFERRED;


--
-- Name: competencia_standing competencia_standing_tournament_id_25f09b1c_fk_competenc; Type: FK CONSTRAINT; Schema: public; Owner: admin
--

ALTER TABLE ONLY public.competencia_standing
    ADD CONSTRAINT competencia_standing_tournament_id_25f09b1c_fk_competenc FOREIGN KEY (tournament_id) REFERENCES public.competencia_tournament(id) DEFERRABLE INITIALLY DEFERRED;


--
-- Name: competencia_team competencia_team_docente_asesor_id_f17d267c_fk_competenc; Type: FK CONSTRAINT; Schema: public; Owner: admin
--

ALTER TABLE ONLY public.competencia_team
    ADD CONSTRAINT competencia_team_docente_asesor_id_f17d267c_fk_competenc FOREIGN KEY (docente_asesor_id) REFERENCES public.competencia_docente_asesor(id) DEFERRABLE INITIALLY DEFERRED;


--
-- Name: competencia_team competencia_team_institution_id_334ff767_fk_competenc; Type: FK CONSTRAINT; Schema: public; Owner: admin
--

ALTER TABLE ONLY public.competencia_team
    ADD CONSTRAINT competencia_team_institution_id_334ff767_fk_competenc FOREIGN KEY (institution_id) REFERENCES public.competencia_institution(id) DEFERRABLE INITIALLY DEFERRED;


--
-- Name: competencia_team competencia_team_tournament_id_6b84928c_fk_competenc; Type: FK CONSTRAINT; Schema: public; Owner: admin
--

ALTER TABLE ONLY public.competencia_team
    ADD CONSTRAINT competencia_team_tournament_id_6b84928c_fk_competenc FOREIGN KEY (tournament_id) REFERENCES public.competencia_tournament(id) DEFERRABLE INITIALLY DEFERRED;


--
-- Name: competencia_tournament competencia_tourname_tournament_rule_id_9e210802_fk_competenc; Type: FK CONSTRAINT; Schema: public; Owner: admin
--

ALTER TABLE ONLY public.competencia_tournament
    ADD CONSTRAINT competencia_tourname_tournament_rule_id_9e210802_fk_competenc FOREIGN KEY (tournament_rule_id) REFERENCES public.competencia_tournament_rule(id) DEFERRABLE INITIALLY DEFERRED;


--
-- Name: competencia_tournament_tournament_members competencia_tourname_tournamentmembermode_41a18f99_fk_competenc; Type: FK CONSTRAINT; Schema: public; Owner: admin
--

ALTER TABLE ONLY public.competencia_tournament_tournament_members
    ADD CONSTRAINT competencia_tourname_tournamentmembermode_41a18f99_fk_competenc FOREIGN KEY (tournamentmembermodel_id) REFERENCES public.competencia_tournament_member(id) DEFERRABLE INITIALLY DEFERRED;


--
-- Name: competencia_tournament_tournament_members competencia_tourname_tournamentmodel_id_4244a034_fk_competenc; Type: FK CONSTRAINT; Schema: public; Owner: admin
--

ALTER TABLE ONLY public.competencia_tournament_tournament_members
    ADD CONSTRAINT competencia_tourname_tournamentmodel_id_4244a034_fk_competenc FOREIGN KEY (tournamentmodel_id) REFERENCES public.competencia_tournament(id) DEFERRABLE INITIALLY DEFERRED;


--
-- Name: django_admin_log django_admin_log_content_type_id_c4bce8eb_fk_django_co; Type: FK CONSTRAINT; Schema: public; Owner: admin
--

ALTER TABLE ONLY public.django_admin_log
    ADD CONSTRAINT django_admin_log_content_type_id_c4bce8eb_fk_django_co FOREIGN KEY (content_type_id) REFERENCES public.django_content_type(id) DEFERRABLE INITIALLY DEFERRED;


--
-- Name: django_admin_log django_admin_log_user_id_c564eba6_fk_auth_user_id; Type: FK CONSTRAINT; Schema: public; Owner: admin
--

ALTER TABLE ONLY public.django_admin_log
    ADD CONSTRAINT django_admin_log_user_id_c564eba6_fk_auth_user_id FOREIGN KEY (user_id) REFERENCES public.auth_user(id) DEFERRABLE INITIALLY DEFERRED;


--
-- PostgreSQL database dump complete
--

\unrestrict Tun6z6lfC6nlmqgh3dULN5LGDeypOkebhWhv5fljwaPtpnvpVDOIbshsZp5nUgD

